Category,tag,id_name,class_name,all_attributes,text_content,text_content_length,text_content_num_words,text_content_num_digits,text_content_price_format,text_content_difficulty,parent_tag,num_children,num_siblings,position_in_siblings,child_tags,sibling_tags,dom_distance_from_root,has_href,href_domain,is_image,image_src,Selector
title,0,0,0,3,4.5,9,2,2,0,77.90500000000002,12,0,0,0,0,0,8,1,0,0,0,28
title,0,0,0,3,7.571428571428571,53,7,0,0,54.70142857142861,12,0,0,0,0,0,8,1,0,0,0,25
title,0,0,0,2,7.571428571428571,53,7,0,0,54.70142857142861,12,0,0,0,0,0,8,1,0,0,0,23
title,0,0,0,3,7.166666666666667,43,6,0,0,87.94500000000002,12,0,0,0,0,0,8,1,0,0,0,21
title,0,0,0,3,6.0,42,7,8,0,90.95857142857145,12,0,0,0,0,0,8,1,0,0,0,19
title,0,0,0,2,8.0,16,2,0,0,-48.994999999999976,12,0,0,0,0,0,8,1,0,0,0,16
title,0,0,0,2,7.0,28,4,0,0,54.72500000000002,12,0,0,0,0,0,8,1,0,0,0,13
title,0,0,0,3,6.545454545454546,72,11,6,0,103.625,12,0,0,0,0,0,8,1,0,0,0,10
title,0,0,0,2,7.0,14,2,0,0,35.60500000000002,12,0,0,0,0,0,8,1,0,0,0,7
title,0,0,0,3,7.857142857142857,55,7,8,0,103.04428571428575,12,0,0,0,0,0,8,1,0,0,0,5
title,0,0,0,2,7.0,14,2,0,0,120.20500000000001,12,0,0,0,0,0,8,1,0,0,0,3
title,0,0,0,3,6.666666666666667,40,6,8,0,87.94500000000002,12,0,0,0,0,0,8,1,0,0,0,1
price,7,0,1,2,4.0,12,3,3,0,90.99000000000004,7,2,7,7,2,1,8,0,0,0,0,2
price,7,0,1,1,4.0,12,3,3,0,90.99000000000004,7,2,8,8,2,1,8,0,0,0,0,4
price,7,0,1,1,4.333333333333333,13,3,4,0,90.99000000000004,7,2,8,8,2,1,8,0,0,0,0,27
price,7,0,1,2,4.0,12,3,3,0,90.99000000000004,7,2,7,7,2,1,8,0,0,0,0,24
price,7,0,1,1,4.0,12,3,3,0,90.99000000000004,7,2,7,7,2,1,8,0,0,0,0,22
price,7,0,1,1,4.0,12,3,3,0,90.99000000000004,7,2,7,7,2,1,8,0,0,0,0,20
price,7,0,1,1,4.0,12,3,3,0,90.99000000000004,7,2,8,8,2,1,8,0,0,0,0,18
price,7,0,1,1,4.0,12,3,3,0,90.99000000000004,7,2,8,8,2,1,8,0,0,0,0,15
price,7,0,1,1,4.0,12,3,3,0,90.99000000000004,7,2,8,8,2,1,8,0,0,0,0,12
price,7,0,1,1,4.0,12,3,3,0,90.99000000000004,7,2,8,8,2,1,8,0,0,0,0,9
price,7,0,1,1,4.0,12,3,3,0,90.99000000000004,7,2,8,8,2,1,8,0,0,0,0,6
price,7,0,1,1,3.6666666666666665,11,3,2,0,90.99000000000004,7,2,8,8,2,1,8,0,0,0,0,0
image,20,0,0,5,0,0,0,0,0,0,7,0,3,2,0,2,7,0,0,1,1,29
image,20,0,0,4,0,0,0,0,0,0,7,0,3,2,0,2,7,0,0,1,1,26
image,20,1,1,11,0,0,0,0,0,0,0,0,0,0,0,0,8,0,0,1,1,35
image,20,1,1,11,0,0,0,0,0,0,0,0,0,0,0,0,8,0,0,1,1,34
image,20,1,1,11,0,0,0,0,0,0,0,0,0,0,0,0,8,0,0,1,1,33
image,20,0,0,5,0,0,0,0,0,0,7,0,3,2,0,2,7,0,0,1,1,17
image,20,0,0,5,0,0,0,0,0,0,7,0,3,2,0,2,7,0,0,1,1,14
image,20,0,0,4,0,0,0,0,0,0,7,0,3,2,0,2,7,0,0,1,1,11
image,20,0,0,5,0,0,0,0,0,0,7,0,3,2,0,2,7,0,0,1,1,8
image,20,1,1,11,0,0,0,0,0,0,0,0,0,0,0,0,8,0,0,1,1,32
image,20,1,1,11,0,0,0,0,0,0,0,0,0,0,0,0,8,0,0,1,1,31
image,20,1,1,11,0,0,0,0,0,0,0,0,0,0,0,0,8,0,0,1,1,30
other,18,0,0,1,9.012100259291271,10427,1157,519,0,33.849607476292704,40,2,0,0,2,0,0,0,0,0,0,36
other,37,0,0,0,7.5,15,2,0,0,-6.694999999999993,16,0,17,9,0,4,2,0,0,0,0,36
other,4,0,0,0,7.479166666666667,6103,816,311,0,40.919473684210544,18,8,1,1,2,1,1,0,0,0,0,36
other,7,1,0,1,7.3697788697788695,5999,814,311,0,42.07781662269133,4,8,7,0,1,2,2,0,0,0,0,36
other,7,1,0,1,18.0,18,1,0,0,-217.17999999999998,7,2,7,0,2,1,3,0,0,0,0,36
other,0,1,0,3,18.0,18,1,0,0,-217.17999999999998,7,1,1,0,1,1,4,1,0,0,0,36
other,10,1,0,1,18.0,18,1,0,0,-217.17999999999998,0,0,0,0,0,0,5,0,0,0,0,36
other,7,1,0,1,0,0,0,0,0,0,7,1,1,1,1,1,4,0,0,0,0,36
other,0,0,0,2,0,0,0,0,0,0,7,1,0,0,1,0,5,1,0,0,0,36
other,20,0,0,3,0,0,0,0,0,0,0,0,0,0,0,0,6,0,0,1,1,36
other,7,1,0,1,7.916666666666667,95,12,0,0,18.405,7,2,7,2,1,1,3,0,0,0,0,36
other,7,1,0,1,7.916666666666667,95,12,0,0,18.405,7,1,1,0,1,0,4,0,0,0,0,36
other,39,0,0,0,7.916666666666667,95,12,0,0,18.405,7,9,0,0,1,0,5,0,0,0,0,36
other,23,1,0,1,7.0,7,1,0,0,36.62000000000003,39,1,8,0,1,1,6,0,0,0,0,36
other,31,0,0,0,7.0,7,1,0,0,36.62000000000003,23,0,0,0,0,0,7,0,0,0,0,36
other,23,0,0,0,10.0,10,1,0,0,36.62000000000003,39,1,8,1,1,1,6,0,0,0,0,36
other,0,0,0,1,10.0,10,1,0,0,36.62000000000003,23,0,0,0,0,0,7,1,0,0,0,36
other,23,0,0,0,12.0,12,1,0,0,36.62000000000003,39,1,8,2,1,1,6,0,0,0,0,36
other,0,0,0,1,12.0,12,1,0,0,36.62000000000003,23,0,0,0,0,0,7,1,0,0,0,36
other,23,0,0,0,7.0,7,1,0,0,121.22000000000003,39,1,8,3,1,1,6,0,0,0,0,36
other,0,0,0,1,7.0,7,1,0,0,121.22000000000003,23,0,0,0,0,0,7,1,0,0,0,36
other,23,0,0,0,9.0,9,1,0,0,-47.97999999999996,39,1,8,4,1,1,6,0,0,0,0,36
other,0,0,0,1,9.0,9,1,0,0,-47.97999999999996,23,0,0,0,0,0,7,1,0,0,0,36
other,23,0,0,0,2.5,5,2,0,0,120.20500000000001,39,1,8,5,1,1,6,0,0,0,0,36
other,0,0,0,1,2.5,5,2,0,0,120.20500000000001,23,0,0,0,0,0,7,1,0,0,0,36
other,23,0,0,0,8.5,17,2,0,0,-6.694999999999993,39,1,8,6,1,1,6,0,0,0,0,36
other,0,0,0,1,8.5,17,2,0,0,-6.694999999999993,23,0,0,0,0,0,7,1,0,0,0,36
other,23,0,0,0,6.0,12,2,0,0,-6.694999999999993,39,1,8,7,1,1,6,0,0,0,0,36
other,0,0,0,1,6.0,12,2,0,0,-6.694999999999993,23,0,0,0,0,0,7,1,0,0,0,36
other,23,0,0,0,8.0,8,1,0,0,-47.97999999999996,39,1,8,8,1,1,6,0,0,0,0,36
other,0,0,0,1,8.0,8,1,0,0,-47.97999999999996,23,0,0,0,0,0,7,1,0,0,0,36
other,7,1,0,1,7.314720812182741,5764,788,307,0,42.956254025764935,7,7,7,4,1,1,3,0,0,0,0,36
other,7,1,1,2,8.01522842639594,1579,197,6,0,-22.198947368421045,7,4,6,0,2,1,4,0,0,0,0,36
other,10,0,0,0,11.0,11,1,0,0,36.62000000000003,7,0,3,0,0,2,5,0,0,0,0,36
other,7,1,1,2,0,0,0,0,0,0,7,1,3,1,1,2,5,0,0,0,0,36
other,9,0,0,2,0,0,0,0,0,0,7,1,0,0,1,0,6,0,0,0,0,36
other,28,0,0,0,0,0,0,0,0,0,9,3,0,0,2,0,7,0,0,0,0,36
other,0,0,0,1,0,0,0,0,0,0,28,1,2,2,1,1,8,1,0,0,0,36
other,20,0,0,2,0,0,0,0,0,0,0,0,0,0,0,0,9,0,0,1,1,36
other,10,0,0,0,8.0,16,2,0,0,35.60500000000002,7,0,3,2,0,2,5,0,0,0,0,36
other,7,1,0,1,7.72680412371134,1499,194,6,0,-21.21928571428569,7,3,3,3,2,2,5,0,0,0,0,36
other,28,0,0,1,6.75,27,4,0,0,33.57500000000002,7,1,2,0,1,2,6,0,0,0,0,36
other,0,0,1,2,8.5,17,2,0,0,-6.694999999999993,28,0,0,0,0,0,7,1,0,0,0,36
other,39,1,0,1,7.736559139784946,1439,186,6,0,-18.613333333333287,7,80,2,1,1,1,6,0,0,0,0,36
other,23,0,1,1,7.0,28,4,0,0,-78.20999999999998,39,1,79,0,1,1,7,0,0,0,0,36
other,0,0,0,1,7.0,28,4,0,0,-78.20999999999998,23,0,0,0,0,0,8,1,0,0,0,36
other,23,0,1,1,6.333333333333333,19,3,0,0,35.60500000000002,39,1,79,1,1,1,7,0,0,0,0,36
other,0,0,0,1,6.333333333333333,19,3,0,0,35.60500000000002,23,0,0,0,0,0,8,1,0,0,0,36
other,23,0,1,1,6.0,30,5,0,0,54.72500000000002,39,1,79,2,1,1,7,0,0,0,0,36
other,0,0,0,1,6.0,30,5,0,0,54.72500000000002,23,0,0,0,0,0,8,1,0,0,0,36
other,23,0,1,1,5.666666666666667,17,3,0,0,62.79000000000002,39,1,79,3,1,1,7,0,0,0,0,36
other,0,0,0,1,5.666666666666667,17,3,0,0,62.79000000000002,23,0,0,0,0,0,8,1,0,0,0,36
other,23,0,1,1,11.0,11,1,0,0,-47.97999999999996,39,1,79,4,1,1,7,0,0,0,0,36
other,0,0,0,1,11.0,11,1,0,0,-47.97999999999996,23,0,0,0,0,0,8,1,0,0,0,36
other,23,0,1,1,8.333333333333334,25,3,0,0,-21.809999999999945,39,1,79,5,1,1,7,0,0,0,0,36
other,0,0,0,1,8.333333333333334,25,3,0,0,-21.809999999999945,23,0,0,0,0,0,8,1,0,0,0,36
other,23,0,1,1,9.0,9,1,0,0,-132.57999999999996,39,1,79,6,1,1,7,0,0,0,0,36
other,0,0,0,1,9.0,9,1,0,0,-132.57999999999996,23,0,0,0,0,0,8,1,0,0,0,36
other,23,0,1,1,6.666666666666667,20,3,0,0,35.60500000000002,39,1,79,7,1,1,7,0,0,0,0,36
other,0,0,0,1,6.666666666666667,20,3,0,0,35.60500000000002,23,0,0,0,0,0,8,1,0,0,0,36
other,23,0,1,1,8.0,8,1,0,0,121.22000000000003,39,1,79,8,1,1,7,0,0,0,0,36
other,0,0,0,1,8.0,8,1,0,0,121.22000000000003,23,0,0,0,0,0,8,1,0,0,0,36
other,23,0,1,1,11.0,11,1,0,0,-47.97999999999996,39,1,79,9,1,1,7,0,0,0,0,36
other,0,0,0,1,11.0,11,1,0,0,-47.97999999999996,23,0,0,0,0,0,8,1,0,0,0,36
other,23,0,1,1,6.333333333333333,19,3,0,0,34.59000000000003,39,1,79,10,1,1,7,0,0,0,0,36
other,0,0,0,1,6.333333333333333,19,3,0,0,34.59000000000003,23,0,0,0,0,0,8,1,0,0,0,36
other,23,0,1,1,5.666666666666667,17,3,0,0,35.60500000000002,39,1,79,11,1,1,7,0,0,0,0,36
other,0,0,0,1,5.666666666666667,17,3,0,0,35.60500000000002,23,0,0,0,0,0,8,1,0,0,0,36
other,23,0,1,1,5.666666666666667,17,3,0,0,77.90500000000002,39,1,79,12,1,1,7,0,0,0,0,36
other,0,0,0,1,5.666666666666667,17,3,0,0,77.90500000000002,23,0,0,0,0,0,8,1,0,0,0,36
other,23,0,1,1,2.0,2,1,0,0,36.62000000000003,39,1,79,13,1,1,7,0,0,0,0,36
other,0,0,0,1,2.0,2,1,0,0,36.62000000000003,23,0,0,0,0,0,8,1,0,0,0,36
other,23,0,1,1,6.333333333333333,19,3,0,0,62.79000000000002,39,1,79,14,1,1,7,0,0,0,0,36
other,0,0,0,1,6.333333333333333,19,3,0,0,62.79000000000002,23,0,0,0,0,0,8,1,0,0,0,36
other,23,0,1,1,9.0,9,1,0,0,36.62000000000003,39,1,79,15,1,1,7,0,0,0,0,36
other,0,0,0,1,9.0,9,1,0,0,36.62000000000003,23,0,0,0,0,0,8,1,0,0,0,36
other,23,0,1,1,7.8,39,5,0,0,12.425000000000011,39,1,79,16,1,1,7,0,0,0,0,36
other,0,0,0,1,7.8,39,5,0,0,12.425000000000011,23,0,0,0,0,0,8,1,0,0,0,36
other,23,0,1,1,13.0,13,1,0,0,36.62000000000003,39,1,79,17,1,1,7,0,0,0,0,36
other,0,0,0,1,13.0,13,1,0,0,36.62000000000003,23,0,0,0,0,0,8,1,0,0,0,36
other,23,0,1,1,6.0,6,1,0,0,36.62000000000003,39,1,79,18,1,1,7,0,0,0,0,36
other,0,0,0,1,6.0,6,1,0,0,36.62000000000003,23,0,0,0,0,0,8,1,0,0,0,36
other,23,0,1,1,10.0,10,1,0,0,-47.97999999999996,39,1,79,19,1,1,7,0,0,0,0,36
other,0,0,0,1,10.0,10,1,0,0,-47.97999999999996,23,0,0,0,0,0,8,1,0,0,0,36
other,23,0,1,1,6.0,6,1,0,0,36.62000000000003,39,1,79,20,1,1,7,0,0,0,0,36
other,0,0,0,1,6.0,6,1,0,0,36.62000000000003,23,0,0,0,0,0,8,1,0,0,0,36
other,23,0,1,1,4.333333333333333,13,3,0,0,35.60500000000002,39,1,79,21,1,1,7,0,0,0,0,36
other,0,0,0,1,4.333333333333333,13,3,0,0,35.60500000000002,23,0,0,0,0,0,8,1,0,0,0,36
other,23,0,1,1,4.6,23,5,0,0,34.59000000000003,39,1,79,22,1,1,7,0,0,0,0,36
other,0,0,0,1,4.6,23,5,0,0,34.59000000000003,23,0,0,0,0,0,8,1,0,0,0,36
other,23,0,1,1,11.0,11,1,0,0,-47.97999999999996,39,1,79,23,1,1,7,0,0,0,0,36
other,0,0,0,1,11.0,11,1,0,0,-47.97999999999996,23,0,0,0,0,0,8,1,0,0,0,36
other,23,0,1,1,6.25,25,4,0,0,62.79000000000002,39,1,79,24,1,1,7,0,0,0,0,36
other,0,0,0,1,6.25,25,4,0,0,62.79000000000002,23,0,0,0,0,0,8,1,0,0,0,36
other,23,0,1,1,5.75,23,4,0,0,34.59000000000003,39,1,79,25,1,1,7,0,0,0,0,36
other,0,0,0,1,5.75,23,4,0,0,34.59000000000003,23,0,0,0,0,0,8,1,0,0,0,36
other,23,0,1,1,17.0,17,1,0,0,-301.78,39,1,79,26,1,1,7,0,0,0,0,36
other,0,0,0,1,17.0,17,1,0,0,-301.78,23,0,0,0,0,0,8,1,0,0,0,36
other,23,0,1,1,4.8,24,5,0,0,33.57500000000002,39,1,79,27,1,1,7,0,0,0,0,36
other,0,0,0,1,4.8,24,5,0,0,33.57500000000002,23,0,0,0,0,0,8,1,0,0,0,36
other,23,0,1,1,5.666666666666667,17,3,0,0,-6.694999999999993,39,1,79,28,1,1,7,0,0,0,0,36
other,0,0,0,1,5.666666666666667,17,3,0,0,-6.694999999999993,23,0,0,0,0,0,8,1,0,0,0,36
other,23,0,1,1,6.333333333333333,19,3,0,0,35.60500000000002,39,1,79,29,1,1,7,0,0,0,0,36
other,0,0,0,1,6.333333333333333,19,3,0,0,35.60500000000002,23,0,0,0,0,0,8,1,0,0,0,36
other,23,0,1,1,12.0,12,1,0,0,-47.97999999999996,39,1,79,30,1,1,7,0,0,0,0,36
other,0,0,0,1,12.0,12,1,0,0,-47.97999999999996,23,0,0,0,0,0,8,1,0,0,0,36
other,23,0,1,1,6.333333333333333,19,3,0,0,62.79000000000002,39,1,79,31,1,1,7,0,0,0,0,36
other,0,0,0,1,6.333333333333333,19,3,0,0,62.79000000000002,23,0,0,0,0,0,8,1,0,0,0,36
other,23,0,1,1,9.5,19,2,0,0,-6.694999999999993,39,1,79,32,1,1,7,0,0,0,0,36
other,0,0,0,1,9.5,19,2,0,0,-6.694999999999993,23,0,0,0,0,0,8,1,0,0,0,36
other,23,0,1,1,4.75,19,4,0,0,90.99000000000004,39,1,79,33,1,1,7,0,0,0,0,36
other,0,0,0,1,4.75,19,4,0,0,90.99000000000004,23,0,0,0,0,0,8,1,0,0,0,36
other,23,0,1,1,3.0,3,1,0,0,-47.97999999999996,39,1,79,34,1,1,7,0,0,0,0,36
other,0,0,0,1,3.0,3,1,0,0,-47.97999999999996,23,0,0,0,0,0,8,1,0,0,0,36
other,23,0,1,1,8.0,8,1,0,0,121.22000000000003,39,1,79,35,1,1,7,0,0,0,0,36
other,0,0,0,1,8.0,8,1,0,0,121.22000000000003,23,0,0,0,0,0,8,1,0,0,0,36
other,23,0,1,1,12.0,12,1,0,0,-217.17999999999998,39,1,79,36,1,1,7,0,0,0,0,36
other,0,0,0,1,12.0,12,1,0,0,-217.17999999999998,23,0,0,0,0,0,8,1,0,0,0,36
other,23,0,1,1,7.0,7,1,0,0,36.62000000000003,39,1,79,37,1,1,7,0,0,0,0,36
other,0,0,0,1,7.0,7,1,0,0,36.62000000000003,23,0,0,0,0,0,8,1,0,0,0,36
other,23,0,1,1,5.0,5,1,0,0,36.62000000000003,39,1,79,38,1,1,7,0,0,0,0,36
other,0,0,0,1,5.0,5,1,0,0,36.62000000000003,23,0,0,0,0,0,8,1,0,0,0,36
other,23,0,1,1,9.0,9,1,0,0,121.22000000000003,39,1,79,39,1,1,7,0,0,0,0,36
other,0,0,0,1,9.0,9,1,0,0,121.22000000000003,23,0,0,0,0,0,8,1,0,0,0,36
other,23,0,1,1,7.666666666666667,23,3,0,0,35.60500000000002,39,1,79,40,1,1,7,0,0,0,0,36
other,0,0,0,1,7.666666666666667,23,3,0,0,35.60500000000002,23,0,0,0,0,0,8,1,0,0,0,36
other,23,0,1,1,19.0,19,1,0,0,-132.57999999999996,39,1,79,41,1,1,7,0,0,0,0,36
other,0,0,0,1,19.0,19,1,0,0,-132.57999999999996,23,0,0,0,0,0,8,1,0,0,0,36
other,23,0,1,1,15.0,15,1,0,0,36.62000000000003,39,1,79,42,1,1,7,0,0,0,0,36
other,0,0,0,1,15.0,15,1,0,0,36.62000000000003,23,0,0,0,0,0,8,1,0,0,0,36
other,23,0,1,1,6.333333333333333,38,6,0,0,83.32000000000004,39,1,79,43,1,1,7,0,0,0,0,36
other,0,0,0,1,6.333333333333333,38,6,0,0,83.32000000000004,23,0,0,0,0,0,8,1,0,0,0,36
other,23,0,1,1,6.666666666666667,20,3,0,0,-6.694999999999993,39,1,79,44,1,1,7,0,0,0,0,36
other,0,0,0,1,6.666666666666667,20,3,0,0,-6.694999999999993,23,0,0,0,0,0,8,1,0,0,0,36
other,23,0,1,1,7.0,7,1,0,0,36.62000000000003,39,1,79,45,1,1,7,0,0,0,0,36
other,0,0,0,1,7.0,7,1,0,0,36.62000000000003,23,0,0,0,0,0,8,1,0,0,0,36
other,23,0,1,1,6.5,26,4,0,0,54.72500000000002,39,1,79,46,1,1,7,0,0,0,0,36
other,0,0,0,1,6.5,26,4,0,0,54.72500000000002,23,0,0,0,0,0,8,1,0,0,0,36
other,23,0,1,1,9.0,9,1,0,0,121.22000000000003,39,1,79,47,1,1,7,0,0,0,0,36
other,0,0,0,1,9.0,9,1,0,0,121.22000000000003,23,0,0,0,0,0,8,1,0,0,0,36
other,23,0,1,1,5.0,5,1,0,0,36.62000000000003,39,1,79,48,1,1,7,0,0,0,0,36
other,0,0,0,1,5.0,5,1,0,0,36.62000000000003,23,0,0,0,0,0,8,1,0,0,0,36
other,23,0,1,1,6.25,25,4,0,0,33.57500000000002,39,1,79,49,1,1,7,0,0,0,0,36
other,0,0,0,1,6.25,25,4,0,0,33.57500000000002,23,0,0,0,0,0,8,1,0,0,0,36
other,23,0,1,1,6.0,24,4,0,0,33.57500000000002,39,1,79,50,1,1,7,0,0,0,0,36
other,0,0,0,1,6.0,24,4,0,0,33.57500000000002,23,0,0,0,0,0,8,1,0,0,0,36
other,23,0,1,1,6.0,6,1,0,0,121.22000000000003,39,1,79,51,1,1,7,0,0,0,0,36
other,0,0,0,1,6.0,6,1,0,0,121.22000000000003,23,0,0,0,0,0,8,1,0,0,0,36
other,23,0,1,1,12.0,12,1,0,0,-217.17999999999998,39,1,79,52,1,1,7,0,0,0,0,36
other,0,0,0,1,12.0,12,1,0,0,-217.17999999999998,23,0,0,0,0,0,8,1,0,0,0,36
other,23,0,1,1,9.0,27,3,0,0,90.99000000000004,39,1,79,53,1,1,7,0,0,0,0,36
other,0,0,0,1,9.0,27,3,0,0,90.99000000000004,23,0,0,0,0,0,8,1,0,0,0,36
other,23,0,1,1,7.0,7,1,0,0,36.62000000000003,39,1,79,54,1,1,7,0,0,0,0,36
other,0,0,0,1,7.0,7,1,0,0,36.62000000000003,23,0,0,0,0,0,8,1,0,0,0,36
other,23,0,1,1,9.0,9,1,0,0,121.22000000000003,39,1,79,55,1,1,7,0,0,0,0,36
other,0,0,0,1,9.0,9,1,0,0,121.22000000000003,23,0,0,0,0,0,8,1,0,0,0,36
other,23,0,1,1,8.0,8,1,0,0,-47.97999999999996,39,1,79,56,1,1,7,0,0,0,0,36
other,0,0,0,1,8.0,8,1,0,0,-47.97999999999996,23,0,0,0,0,0,8,1,0,0,0,36
other,23,0,1,1,5.666666666666667,17,3,3,0,62.79000000000002,39,1,79,57,1,1,7,0,0,0,0,36
other,0,0,0,1,5.666666666666667,17,3,3,0,62.79000000000002,23,0,0,0,0,0,8,1,0,0,0,36
other,23,0,1,1,5.666666666666667,17,3,3,0,62.79000000000002,39,1,79,58,1,1,7,0,0,0,0,36
other,0,0,0,1,5.666666666666667,17,3,3,0,62.79000000000002,23,0,0,0,0,0,8,1,0,0,0,36
other,23,0,1,1,5.666666666666667,34,6,0,0,66.40000000000003,39,1,79,59,1,1,7,0,0,0,0,36
other,0,0,0,1,5.666666666666667,34,6,0,0,66.40000000000003,23,0,0,0,0,0,8,1,0,0,0,36
other,23,0,1,1,6.0,6,1,0,0,121.22000000000003,39,1,79,60,1,1,7,0,0,0,0,36
other,0,0,0,1,6.0,6,1,0,0,121.22000000000003,23,0,0,0,0,0,8,1,0,0,0,36
other,23,0,1,1,6.333333333333333,19,3,0,0,120.20500000000001,39,1,79,61,1,1,7,0,0,0,0,36
other,0,0,0,1,6.333333333333333,19,3,0,0,120.20500000000001,23,0,0,0,0,0,8,1,0,0,0,36
other,23,0,1,1,6.0,18,3,0,0,90.99000000000004,39,1,79,62,1,1,7,0,0,0,0,36
other,0,0,0,1,6.0,18,3,0,0,90.99000000000004,23,0,0,0,0,0,8,1,0,0,0,36
other,23,0,1,1,8.0,8,1,0,0,121.22000000000003,39,1,79,63,1,1,7,0,0,0,0,36
other,0,0,0,1,8.0,8,1,0,0,121.22000000000003,23,0,0,0,0,0,8,1,0,0,0,36
other,23,0,1,1,8.0,8,1,0,0,36.62000000000003,39,1,79,64,1,1,7,0,0,0,0,36
other,0,0,0,1,8.0,8,1,0,0,36.62000000000003,23,0,0,0,0,0,8,1,0,0,0,36
other,23,0,1,1,11.0,11,1,0,0,-47.97999999999996,39,1,79,65,1,1,7,0,0,0,0,36
other,0,0,0,1,11.0,11,1,0,0,-47.97999999999996,23,0,0,0,0,0,8,1,0,0,0,36
other,23,0,1,1,7.0,14,2,0,0,77.90500000000002,39,1,79,66,1,1,7,0,0,0,0,36
other,0,0,0,1,7.0,14,2,0,0,77.90500000000002,23,0,0,0,0,0,8,1,0,0,0,36
other,23,0,1,1,8.0,16,2,0,0,-6.694999999999993,39,1,79,67,1,1,7,0,0,0,0,36
other,0,0,0,1,8.0,16,2,0,0,-6.694999999999993,23,0,0,0,0,0,8,1,0,0,0,36
other,23,0,1,1,5.333333333333333,16,3,0,0,34.59000000000003,39,1,79,68,1,1,7,0,0,0,0,36
other,0,0,0,1,5.333333333333333,16,3,0,0,34.59000000000003,23,0,0,0,0,0,8,1,0,0,0,36
other,23,0,1,1,10.5,21,2,0,0,35.60500000000002,39,1,79,69,1,1,7,0,0,0,0,36
other,0,0,0,1,10.5,21,2,0,0,35.60500000000002,23,0,0,0,0,0,8,1,0,0,0,36
other,23,0,1,1,10.0,10,1,0,0,-47.97999999999996,39,1,79,70,1,1,7,0,0,0,0,36
other,0,0,0,1,10.0,10,1,0,0,-47.97999999999996,23,0,0,0,0,0,8,1,0,0,0,36
other,23,0,1,1,8.0,16,2,0,0,77.90500000000002,39,1,79,71,1,1,7,0,0,0,0,36
other,0,0,0,1,8.0,16,2,0,0,77.90500000000002,23,0,0,0,0,0,8,1,0,0,0,36
other,23,0,1,1,8.0,8,1,0,0,121.22000000000003,39,1,79,72,1,1,7,0,0,0,0,36
other,0,0,0,1,8.0,8,1,0,0,121.22000000000003,23,0,0,0,0,0,8,1,0,0,0,36
other,23,0,1,1,4.0,4,1,0,0,36.62000000000003,39,1,79,73,1,1,7,0,0,0,0,36
other,0,0,0,1,4.0,4,1,0,0,36.62000000000003,23,0,0,0,0,0,8,1,0,0,0,36
other,23,0,1,1,11.0,11,1,0,0,36.62000000000003,39,1,79,74,1,1,7,0,0,0,0,36
other,0,0,0,1,11.0,11,1,0,0,36.62000000000003,23,0,0,0,0,0,8,1,0,0,0,36
other,23,0,1,1,9.0,9,1,0,0,36.62000000000003,39,1,79,75,1,1,7,0,0,0,0,36
other,0,0,0,1,9.0,9,1,0,0,36.62000000000003,23,0,0,0,0,0,8,1,0,0,0,36
other,23,0,1,1,6.428571428571429,45,7,0,0,-51.02499999999998,39,1,79,76,1,1,7,0,0,0,0,36
other,0,0,0,1,6.428571428571429,45,7,0,0,-51.02499999999998,23,0,0,0,0,0,8,1,0,0,0,36
other,23,0,1,1,6.333333333333333,19,3,0,0,34.59000000000003,39,1,79,77,1,1,7,0,0,0,0,36
other,0,0,0,1,6.333333333333333,19,3,0,0,34.59000000000003,23,0,0,0,0,0,8,1,0,0,0,36
other,23,0,1,1,7.666666666666667,23,3,0,0,-6.694999999999993,39,1,79,78,1,1,7,0,0,0,0,36
other,0,0,0,1,7.666666666666667,23,3,0,0,-6.694999999999993,23,0,0,0,0,0,8,1,0,0,0,36
other,23,0,1,1,6.2,31,5,0,0,75.87500000000001,39,1,79,79,1,1,7,0,0,0,0,36
other,0,0,0,1,6.2,31,5,0,0,75.87500000000001,23,0,0,0,0,0,8,1,0,0,0,36
other,28,0,0,1,6.75,27,4,0,0,33.57500000000002,7,1,2,2,1,2,6,0,0,0,0,36
other,0,0,1,2,8.5,17,2,0,0,-6.694999999999993,28,0,0,0,0,0,7,1,0,0,0,36
other,7,1,1,2,8.796296296296296,475,54,82,0,46.94350000000003,7,5,6,2,2,1,4,0,0,0,0,36
other,7,1,0,2,5.333333333333333,32,6,2,0,87.94500000000002,7,2,4,0,2,2,5,0,0,0,0,36
other,10,0,0,0,5.0,5,1,0,0,121.22000000000003,7,0,1,0,0,1,6,0,0,0,0,36
other,7,0,1,1,3.6,18,5,2,0,83.32000000000004,7,1,1,1,1,1,6,0,0,0,0,36
other,28,0,0,0,3.6,18,5,2,0,83.32000000000004,7,3,0,0,2,0,7,0,0,0,0,36
other,31,1,0,1,1.0,1,1,1,0,121.22000000000003,28,0,2,0,0,2,8,0,0,0,0,36
other,31,1,0,1,1.0,1,1,1,0,121.22000000000003,28,0,2,1,0,2,8,0,0,0,0,36
other,0,0,1,2,8.0,8,1,0,0,-47.97999999999996,28,0,2,2,0,1,8,1,0,0,0,36
other,10,0,0,0,7.5,15,2,0,0,-48.994999999999976,7,0,4,1,0,2,5,0,0,0,0,36
other,7,1,1,2,7.357142857142857,309,42,80,0,61.38723684210527,7,4,4,2,1,2,5,0,0,0,0,36
other,28,0,0,0,7.222222222222222,65,9,6,0,37.900000000000034,7,2,3,0,1,1,6,0,0,0,0,36
other,5,0,0,0,0,0,0,0,0,0,28,0,1,0,0,1,7,0,0,0,0,36
other,5,0,0,0,0,0,0,0,0,0,28,0,1,1,0,1,7,0,0,0,0,36
other,28,0,0,0,8.272727272727273,182,22,67,0,67.2632142857143,7,6,3,1,2,1,6,0,0,0,0,36
other,5,0,0,0,0,0,0,0,0,0,28,0,5,0,0,2,7,0,0,0,0,36
other,31,0,0,1,25.0,25,1,0,0,-470.9799999999999,28,0,5,1,0,2,7,0,0,0,0,36
other,5,0,0,0,0,0,0,0,0,0,28,0,5,2,0,2,7,0,0,0,0,36
other,5,0,0,0,0,0,0,0,0,0,28,0,5,3,0,2,7,0,0,0,0,36
other,5,0,0,0,0,0,0,0,0,0,28,0,5,4,0,2,7,0,0,0,0,36
other,31,0,0,1,8.5,102,12,36,0,81.85500000000002,28,5,5,5,2,2,7,0,0,0,0,36
other,19,0,0,0,5.8,29,5,0,0,83.32000000000004,31,0,4,0,0,1,8,0,0,0,0,36
other,5,0,0,0,0,0,0,0,0,0,31,0,4,1,0,2,8,0,0,0,0,36
other,5,0,0,0,0,0,0,0,0,0,31,0,4,2,0,2,8,0,0,0,0,36
other,5,0,0,0,0,0,0,0,0,0,31,0,4,3,0,2,8,0,0,0,0,36
other,5,0,0,0,0,0,0,0,0,0,31,0,4,4,0,2,8,0,0,0,0,36
other,28,0,0,0,5.0,50,10,7,0,82.42535714285715,7,4,3,2,2,1,6,0,0,0,0,36
other,32,0,0,0,6.5,13,2,0,0,35.60500000000002,28,0,3,0,0,1,7,0,0,0,0,36
other,5,0,0,0,0,0,0,0,0,0,28,0,3,1,0,2,7,0,0,0,0,36
other,5,0,0,0,0,0,0,0,0,0,28,0,3,2,0,2,7,0,0,0,0,36
other,5,0,0,0,0,0,0,0,0,0,28,0,3,3,0,2,7,0,0,0,0,36
other,28,0,0,0,4.0,4,1,0,0,36.62000000000003,7,1,3,3,1,1,6,0,0,0,0,36
other,0,0,0,2,4.0,4,1,0,0,36.62000000000003,28,0,0,0,0,0,7,1,1,0,0,36
other,10,0,0,0,6.0,6,1,0,0,36.62000000000003,7,0,4,3,0,2,5,0,0,0,0,36
other,7,0,1,1,23.0,69,3,0,0,-78.20999999999998,7,1,4,4,1,2,5,0,0,0,0,36
other,39,0,1,1,23.0,69,3,0,0,-78.20999999999998,7,3,0,0,1,0,6,0,0,0,0,36
other,23,0,0,0,22.0,22,1,0,0,-47.97999999999996,39,1,2,0,1,1,7,0,0,0,0,36
other,0,0,0,1,22.0,22,1,0,0,-47.97999999999996,23,0,0,0,0,0,8,1,1,0,0,36
other,23,0,0,0,17.0,17,1,0,0,36.62000000000003,39,1,2,1,1,1,7,0,0,0,0,36
other,0,0,0,1,17.0,17,1,0,0,36.62000000000003,23,0,0,0,0,0,8,1,1,0,0,36
other,23,0,0,0,18.0,18,1,0,0,-217.17999999999998,39,1,2,2,1,1,7,0,0,0,0,36
other,0,0,0,1,18.0,18,1,0,0,-217.17999999999998,23,0,0,0,0,0,8,1,1,0,0,36
other,7,1,0,1,6.8417132216014895,3674,537,219,0,58.410906148867326,7,3,6,4,2,1,4,0,0,0,0,36
other,39,0,1,1,9.8,49,5,0,0,49.48000000000002,7,5,2,0,1,1,5,0,0,0,0,36
other,23,0,0,0,8.0,8,1,0,0,121.22000000000003,39,1,4,0,1,1,6,0,0,0,0,36
other,0,0,1,2,8.0,8,1,0,0,121.22000000000003,23,1,0,0,1,0,7,1,0,0,0,36
other,31,0,0,0,8.0,8,1,0,0,121.22000000000003,0,0,0,0,0,0,8,0,0,0,0,36
other,23,0,0,0,7.0,7,1,0,0,-47.97999999999996,39,1,4,1,1,1,6,0,0,0,0,36
other,0,0,0,1,7.0,7,1,0,0,-47.97999999999996,23,1,0,0,1,0,7,1,0,0,0,36
other,31,0,0,0,7.0,7,1,0,0,-47.97999999999996,0,0,0,0,0,0,8,0,0,0,0,36
other,23,0,1,1,7.0,7,1,0,0,36.62000000000003,39,1,4,2,1,1,6,0,0,0,0,36
other,0,0,0,1,7.0,7,1,0,0,36.62000000000003,23,1,0,0,1,0,7,1,0,0,0,36
other,31,0,0,0,7.0,7,1,0,0,36.62000000000003,0,0,0,0,0,0,8,0,0,0,0,36
other,23,0,1,1,10.0,10,1,0,0,36.62000000000003,39,1,4,3,1,1,6,0,0,0,0,36
other,0,0,1,2,10.0,10,1,0,0,36.62000000000003,23,1,0,0,1,0,7,1,0,0,0,36
other,31,0,0,0,10.0,10,1,0,0,36.62000000000003,0,0,0,0,0,0,8,0,0,0,0,36
other,23,0,0,0,7.0,7,1,0,0,121.22000000000003,39,1,4,4,1,1,6,0,0,0,0,36
other,31,0,1,1,7.0,7,1,0,0,121.22000000000003,23,0,0,0,0,0,7,0,0,0,0,36
other,7,1,0,2,6.804511278195489,3620,532,219,0,58.9344117647059,7,16,2,1,3,1,5,0,0,0,0,36
other,10,0,0,0,9.0,18,2,0,0,35.60500000000002,7,0,15,0,0,2,6,0,0,0,0,36
other,39,0,1,1,3.090909090909091,34,11,12,0,112.08500000000001,7,10,15,1,2,3,6,0,0,0,0,36
other,3,0,0,0,1.0,1,1,1,0,121.22000000000003,39,0,9,0,0,1,7,0,0,0,0,36
other,23,0,0,0,1.0,1,1,1,0,121.22000000000003,39,1,9,1,1,2,7,0,0,0,0,36
other,0,0,0,1,1.0,1,1,1,0,121.22000000000003,23,0,0,0,0,0,8,1,0,0,0,36
other,23,0,0,0,1.0,1,1,1,0,121.22000000000003,39,1,9,2,1,2,7,0,0,0,0,36
other,0,0,0,1,1.0,1,1,1,0,121.22000000000003,23,0,0,0,0,0,8,1,0,0,0,36
other,23,0,0,0,1.0,1,1,1,0,121.22000000000003,39,1,9,3,1,2,7,0,0,0,0,36
other,0,0,0,1,1.0,1,1,1,0,121.22000000000003,23,0,0,0,0,0,8,1,0,0,0,36
other,23,0,0,0,1.0,1,1,1,0,121.22000000000003,39,1,9,4,1,2,7,0,0,0,0,36
other,0,0,0,1,1.0,1,1,1,0,121.22000000000003,23,0,0,0,0,0,8,1,0,0,0,36
other,23,0,0,0,1.0,1,1,1,0,121.22000000000003,39,1,9,5,1,2,7,0,0,0,0,36
other,0,0,0,1,1.0,1,1,1,0,121.22000000000003,23,0,0,0,0,0,8,1,0,0,0,36
other,23,0,0,0,1.0,1,1,1,0,121.22000000000003,39,1,9,6,1,2,7,0,0,0,0,36
other,0,0,0,1,1.0,1,1,1,0,121.22000000000003,23,0,0,0,0,0,8,1,0,0,0,36
other,23,0,0,0,1.0,1,1,1,0,121.22000000000003,39,1,9,7,1,2,7,0,0,0,0,36
other,0,0,0,1,1.0,1,1,1,0,121.22000000000003,23,0,0,0,0,0,8,1,0,0,0,36
other,23,0,0,0,4.0,4,1,4,0,121.22000000000003,39,1,9,8,1,2,7,0,0,0,0,36
other,0,0,0,1,4.0,4,1,4,0,121.22000000000003,23,0,0,0,0,0,8,1,0,0,0,36
other,23,0,0,0,7.0,7,1,0,0,121.22000000000003,39,1,9,9,1,2,7,0,0,0,0,36
other,0,0,0,1,7.0,7,1,0,0,121.22000000000003,23,0,0,0,0,0,8,1,0,0,0,36
other,7,1,3,3,6.4,320,50,19,0,59.383826530612254,7,4,15,2,3,3,6,0,0,0,0,36
other,7,0,1,1,0,0,0,0,0,0,7,1,3,0,1,3,7,0,0,0,0,36
other,0,0,0,2,0,0,0,0,0,0,7,1,0,0,1,0,8,1,0,0,0,36
other,20,1,1,5,0,0,0,0,0,0,0,0,0,0,0,0,9,0,0,1,1,36
other,12,0,0,1,4.5,9,2,2,0,77.90500000000002,7,1,3,1,1,2,7,0,0,0,0,36
other,7,0,1,2,6.395833333333333,307,48,17,0,60.58250000000001,7,9,3,3,1,3,7,0,0,0,0,36
other,7,0,1,1,5.571428571428571,78,14,6,0,83.0092307692308,7,2,8,0,2,1,8,0,0,0,0,36
other,32,0,0,0,6.0,6,1,0,0,121.22000000000003,7,0,1,0,0,1,9,0,0,0,0,36
other,31,0,0,0,5.461538461538462,71,13,6,0,81.85500000000002,7,0,1,1,0,1,9,0,0,0,0,36
other,7,0,1,2,7.0,35,5,0,0,49.48000000000002,7,2,8,1,2,1,8,0,0,0,0,36
other,32,0,0,1,6.0,6,1,0,0,36.62000000000003,7,0,1,0,0,1,9,0,0,0,0,36
other,31,0,0,0,7.0,28,4,0,0,54.72500000000002,7,2,1,1,1,1,9,0,0,0,0,36
other,0,0,0,1,7.0,14,2,0,0,35.60500000000002,31,0,1,0,0,1,10,1,0,0,0,36
other,0,0,0,1,6.0,12,2,0,0,77.90500000000002,31,0,1,1,0,1,10,1,0,0,0,36
other,7,0,1,1,5.333333333333333,16,3,4,0,90.99000000000004,7,2,8,2,2,1,8,0,0,0,0,36
other,32,0,0,1,5.5,11,2,0,0,77.90500000000002,7,0,1,0,0,1,9,0,0,0,0,36
other,31,0,0,0,4.0,4,1,4,0,121.22000000000003,7,0,1,1,0,1,9,0,0,0,0,36
other,7,0,1,1,4.75,19,4,3,0,118.17500000000001,7,2,8,3,2,1,8,0,0,0,0,36
other,32,0,0,1,6.0,12,2,0,0,120.20500000000001,7,0,1,0,0,1,9,0,0,0,0,36
other,31,0,0,0,3.0,6,2,3,0,120.20500000000001,7,0,1,1,0,1,9,0,0,0,0,36
other,7,0,1,2,5.2,26,5,0,0,100.24000000000002,7,2,8,4,2,1,8,0,0,0,0,36
other,32,0,0,1,6.5,13,2,0,0,120.20500000000001,7,0,1,0,0,1,9,0,0,0,0,36
other,31,0,0,0,4.0,12,3,0,0,90.99000000000004,7,1,1,1,1,1,9,0,0,0,0,36
other,0,0,0,1,4.0,12,3,0,0,90.99000000000004,31,0,0,0,0,0,10,1,0,0,0,36
other,7,0,1,1,7.444444444444445,67,9,0,0,37.900000000000034,7,2,8,5,2,1,8,0,0,0,0,36
other,32,0,0,1,10.0,10,1,0,0,-47.97999999999996,7,0,1,0,0,1,9,0,0,0,0,36
other,31,0,0,0,7.0,56,8,0,0,50.66500000000002,7,3,1,1,1,1,9,0,0,0,0,36
other,0,0,0,2,6.25,25,4,0,0,33.57500000000002,31,0,2,0,0,1,10,1,0,0,0,36
other,0,0,0,1,8.0,8,1,0,0,121.22000000000003,31,0,2,1,0,1,10,1,0,0,0,36
other,0,0,0,1,6.333333333333333,19,3,0,0,62.79000000000002,31,0,2,2,0,1,10,1,0,0,0,36
other,7,0,1,2,6.0,12,2,0,0,77.90500000000002,7,2,8,6,2,1,8,0,0,0,0,36
other,32,0,0,1,6.0,6,1,0,0,36.62000000000003,7,0,1,0,0,1,9,0,0,0,0,36
other,31,0,0,0,5.0,5,1,0,0,121.22000000000003,7,1,1,1,1,1,9,0,0,0,0,36
other,0,0,0,1,5.0,5,1,0,0,121.22000000000003,31,0,0,0,0,0,10,1,0,0,0,36
other,7,0,1,2,5.666666666666667,17,3,0,0,90.99000000000004,7,2,8,7,2,1,8,0,0,0,0,36
other,32,0,0,1,5.0,5,1,0,0,121.22000000000003,7,0,1,0,0,1,9,0,0,0,0,36
other,31,0,0,1,5.5,11,2,0,0,77.90500000000002,7,0,1,1,0,1,9,0,0,0,0,36
other,32,0,0,1,5.0,5,1,0,0,36.62000000000003,7,0,1,0,0,1,9,0,0,0,0,36
other,31,0,0,1,3.5,7,2,4,0,120.20500000000001,7,0,1,1,0,1,9,0,0,0,0,36
other,7,1,3,3,6.925,277,40,9,0,53.97105263157897,7,4,15,3,3,3,6,0,0,0,0,36
other,7,0,1,1,0,0,0,0,0,0,7,1,3,0,1,3,7,0,0,0,0,36
other,0,0,0,2,0,0,0,0,0,0,7,1,0,0,1,0,8,1,0,0,0,36
other,20,1,1,5,0,0,0,0,0,0,0,0,0,0,0,0,9,0,0,1,1,36
other,12,0,0,1,7.571428571428571,53,7,0,0,54.70142857142861,7,1,3,1,1,2,7,0,0,0,0,36
other,7,0,1,2,6.666666666666667,220,33,9,0,60.10895161290327,7,8,3,3,1,3,7,0,0,0,0,36
other,7,0,1,2,7.5,60,8,0,0,61.24000000000001,7,2,7,0,2,1,8,0,0,0,0,36
other,32,0,0,1,6.0,6,1,0,0,121.22000000000003,7,0,1,0,0,1,9,0,0,0,0,36
other,31,0,0,1,7.571428571428571,53,7,0,0,54.70142857142861,7,0,1,1,0,1,9,0,0,0,0,36
other,7,0,1,2,7.333333333333333,22,3,0,0,62.79000000000002,7,2,7,1,2,1,8,0,0,0,0,36
other,32,0,0,0,6.0,6,1,0,0,36.62000000000003,7,0,1,0,0,1,9,0,0,0,0,36
other,31,0,0,0,7.5,15,2,0,0,77.90500000000002,7,1,1,1,1,1,9,0,0,0,0,36
other,0,0,0,2,7.5,15,2,0,0,77.90500000000002,31,0,0,0,0,0,10,1,0,0,0,36
other,7,0,1,2,5.333333333333333,16,3,4,0,90.99000000000004,7,2,7,2,2,1,8,0,0,0,0,36
other,32,0,0,0,5.5,11,2,0,0,77.90500000000002,7,0,1,0,0,1,9,0,0,0,0,36
other,31,0,0,0,4.0,4,1,4,0,121.22000000000003,7,0,1,1,0,1,9,0,0,0,0,36
other,7,0,1,1,4.5,18,4,2,0,118.17500000000001,7,2,7,3,2,1,8,0,0,0,0,36
other,32,0,0,0,6.0,12,2,0,0,120.20500000000001,7,0,1,0,0,1,9,0,0,0,0,36
other,31,0,0,0,2.5,5,2,2,0,120.20500000000001,7,0,1,1,0,1,9,0,0,0,0,36
other,7,0,1,1,10.0,20,2,0,0,-48.994999999999976,7,2,7,4,2,1,8,0,0,0,0,36
other,32,0,0,0,10.0,10,1,0,0,-47.97999999999996,7,0,1,0,0,1,9,0,0,0,0,36
other,31,0,0,0,9.0,9,1,0,0,-47.97999999999996,7,1,1,1,1,1,9,0,0,0,0,36
other,0,0,0,1,9.0,9,1,0,0,-47.97999999999996,31,0,0,0,0,0,10,1,0,0,0,36
other,7,0,1,1,6.0,12,2,0,0,77.90500000000002,7,2,7,5,2,1,8,0,0,0,0,36
other,32,0,0,0,6.0,6,1,0,0,36.62000000000003,7,0,1,0,0,1,9,0,0,0,0,36
other,31,0,0,0,5.0,5,1,0,0,121.22000000000003,7,1,1,1,1,1,9,0,0,0,0,36
other,0,0,0,1,5.0,5,1,0,0,121.22000000000003,31,0,0,0,0,0,10,1,0,0,0,36
other,7,0,1,2,4.875,39,8,0,0,73.84500000000001,7,2,7,6,2,1,8,0,0,0,0,36
other,32,0,0,0,5.0,5,1,0,0,121.22000000000003,7,0,1,0,0,1,9,0,0,0,0,36
other,31,0,0,1,4.714285714285714,33,7,0,0,66.40000000000003,7,0,1,1,0,1,9,0,0,0,0,36
other,32,0,0,1,5.0,5,1,0,0,36.62000000000003,7,0,1,0,0,1,9,0,0,0,0,36
other,31,0,0,1,3.0,6,2,3,0,120.20500000000001,7,0,1,1,0,1,9,0,0,0,0,36
other,7,1,3,3,7.285714285714286,255,35,9,0,56.1296428571429,7,4,15,4,3,3,6,0,0,0,0,36
other,7,0,1,1,0,0,0,0,0,0,7,1,3,0,1,3,7,0,0,0,0,36
other,0,0,0,2,0,0,0,0,0,0,7,1,0,0,1,0,8,1,0,0,0,36
other,20,1,1,5,0,0,0,0,0,0,0,0,0,0,0,0,9,0,0,1,1,36
other,12,0,0,1,7.571428571428571,53,7,0,0,54.70142857142861,7,1,3,1,1,2,7,0,0,0,0,36
other,0,0,0,2,0,0,0,0,0,0,7,1,3,2,1,2,7,1,0,0,0,36
other,7,0,1,1,7.071428571428571,198,28,9,0,62.70357142857142,7,8,3,3,1,3,7,0,0,0,0,36
other,7,0,1,1,7.5,60,8,0,0,61.24000000000001,7,2,7,0,2,1,8,0,0,0,0,36
other,32,0,0,0,6.0,6,1,0,0,121.22000000000003,7,0,1,0,0,1,9,0,0,0,0,36
other,31,0,0,0,7.571428571428571,53,7,0,0,54.70142857142861,7,0,1,1,0,1,9,0,0,0,0,36
other,7,0,1,1,7.333333333333333,22,3,0,0,62.79000000000002,7,2,7,1,2,1,8,0,0,0,0,36
other,32,0,0,0,6.0,6,1,0,0,36.62000000000003,7,0,1,0,0,1,9,0,0,0,0,36
other,31,0,0,0,7.5,15,2,0,0,77.90500000000002,7,1,1,1,1,1,9,0,0,0,0,36
other,0,0,0,1,7.5,15,2,0,0,77.90500000000002,31,0,0,0,0,0,10,1,0,0,0,36
other,7,0,1,1,5.333333333333333,16,3,4,0,90.99000000000004,7,2,7,2,2,1,8,0,0,0,0,36
other,32,0,0,0,5.5,11,2,0,0,77.90500000000002,7,0,1,0,0,1,9,0,0,0,0,36
other,31,0,0,0,4.0,4,1,4,0,121.22000000000003,7,0,1,1,0,1,9,0,0,0,0,36
other,7,0,1,1,4.5,18,4,2,0,118.17500000000001,7,2,7,3,2,1,8,0,0,0,0,36
other,32,0,0,0,6.0,12,2,0,0,120.20500000000001,7,0,1,0,0,1,9,0,0,0,0,36
other,31,0,0,0,2.5,5,2,2,0,120.20500000000001,7,0,1,1,0,1,9,0,0,0,0,36
other,7,0,1,1,10.0,20,2,0,0,-48.994999999999976,7,2,7,4,2,1,8,0,0,0,0,36
other,32,0,0,0,10.0,10,1,0,0,-47.97999999999996,7,0,1,0,0,1,9,0,0,0,0,36
other,31,0,0,0,9.0,9,1,0,0,-47.97999999999996,7,1,1,1,1,1,9,0,0,0,0,36
other,0,0,0,1,9.0,9,1,0,0,-47.97999999999996,31,0,0,0,0,0,10,1,0,0,0,36
other,7,0,1,1,6.0,12,2,0,0,77.90500000000002,7,2,7,5,2,1,8,0,0,0,0,36
other,32,0,0,0,6.0,6,1,0,0,36.62000000000003,7,0,1,0,0,1,9,0,0,0,0,36
other,31,0,0,0,5.0,5,1,0,0,121.22000000000003,7,1,1,1,1,1,9,0,0,0,0,36
other,0,0,0,1,5.0,5,1,0,0,121.22000000000003,31,0,0,0,0,0,10,1,0,0,0,36
other,7,0,1,1,5.666666666666667,17,3,0,0,90.99000000000004,7,2,7,6,2,1,8,0,0,0,0,36
other,32,0,0,0,5.0,5,1,0,0,121.22000000000003,7,0,1,0,0,1,9,0,0,0,0,36
other,31,0,0,0,5.5,11,2,0,0,77.90500000000002,7,0,1,1,0,1,9,0,0,0,0,36
other,32,0,0,0,5.0,5,1,0,0,36.62000000000003,7,0,1,0,0,1,9,0,0,0,0,36
other,31,0,0,0,3.0,6,2,3,0,120.20500000000001,7,0,1,1,0,1,9,0,0,0,0,36
other,7,1,3,3,6.690476190476191,281,42,10,0,59.63500000000003,7,4,15,5,3,3,6,0,0,0,0,36
other,7,0,1,1,0,0,0,0,0,0,7,1,3,0,1,3,7,0,0,0,0,36
other,0,0,0,2,0,0,0,0,0,0,7,1,0,0,1,0,8,1,0,0,0,36
other,20,1,1,5,0,0,0,0,0,0,0,0,0,0,0,0,9,0,0,1,1,36
other,12,0,0,1,7.166666666666667,43,6,0,0,87.94500000000002,7,1,3,1,1,2,7,0,0,0,0,36
other,0,0,0,2,0,0,0,0,0,0,7,1,3,2,1,2,7,1,0,0,0,36
other,7,0,1,1,6.5,234,36,10,0,60.19176470588238,7,8,3,3,1,3,7,0,0,0,0,36
other,7,0,1,1,6.166666666666667,74,12,0,0,64.9245454545455,7,2,7,0,2,1,8,0,0,0,0,36
other,32,0,0,0,6.0,6,1,0,0,121.22000000000003,7,0,1,0,0,1,9,0,0,0,0,36
other,31,0,0,0,6.090909090909091,67,11,0,0,61.32500000000002,7,0,1,1,0,1,9,0,0,0,0,36
other,7,0,1,1,7.0,35,5,0,0,66.40000000000003,7,2,7,1,2,1,8,0,0,0,0,36
other,32,0,0,0,6.0,6,1,0,0,36.62000000000003,7,0,1,0,0,1,9,0,0,0,0,36
other,31,0,0,0,7.0,28,4,0,0,75.87500000000001,7,2,1,1,1,1,9,0,0,0,0,36
other,0,0,0,1,6.0,12,2,0,0,77.90500000000002,31,0,1,0,0,1,10,1,0,0,0,36
other,0,0,0,1,7.0,14,2,0,0,77.90500000000002,31,0,1,1,0,1,10,1,0,0,0,36
other,7,0,1,1,5.333333333333333,16,3,4,0,90.99000000000004,7,2,7,2,2,1,8,0,0,0,0,36
other,32,0,0,0,5.5,11,2,0,0,77.90500000000002,7,0,1,0,0,1,9,0,0,0,0,36
other,31,0,0,0,4.0,4,1,4,0,121.22000000000003,7,0,1,1,0,1,9,0,0,0,0,36
other,7,0,1,1,4.75,19,4,3,0,118.17500000000001,7,2,7,3,2,1,8,0,0,0,0,36
other,32,0,0,0,6.0,12,2,0,0,120.20500000000001,7,0,1,0,0,1,9,0,0,0,0,36
other,31,0,0,0,3.0,6,2,3,0,120.20500000000001,7,0,1,1,0,1,9,0,0,0,0,36
other,7,0,1,2,10.0,20,2,0,0,-48.994999999999976,7,2,7,4,2,1,8,0,0,0,0,36
other,32,0,0,0,10.0,10,1,0,0,-47.97999999999996,7,0,1,0,0,1,9,0,0,0,0,36
other,31,0,0,0,9.0,9,1,0,0,-47.97999999999996,7,1,1,1,1,1,9,0,0,0,0,36
other,0,0,0,1,9.0,9,1,0,0,-47.97999999999996,31,0,0,0,0,0,10,1,0,0,0,36
other,7,0,1,1,6.0,12,2,0,0,77.90500000000002,7,2,7,5,2,1,8,0,0,0,0,36
other,32,0,0,0,6.0,6,1,0,0,36.62000000000003,7,0,1,0,0,1,9,0,0,0,0,36
other,31,0,0,0,5.0,5,1,0,0,121.22000000000003,7,1,1,1,1,1,9,0,0,0,0,36
other,0,0,0,1,5.0,5,1,0,0,121.22000000000003,31,0,0,0,0,0,10,1,0,0,0,36
other,7,0,1,1,5.0,25,5,0,0,75.87500000000001,7,2,7,6,2,1,8,0,0,0,0,36
other,32,0,0,0,5.0,5,1,0,0,121.22000000000003,7,0,1,0,0,1,9,0,0,0,0,36
other,31,0,0,0,4.75,19,4,0,0,62.79000000000002,7,0,1,1,0,1,9,0,0,0,0,36
other,32,0,0,0,5.0,5,1,0,0,36.62000000000003,7,0,1,0,0,1,9,0,0,0,0,36
other,31,0,0,0,3.0,6,2,3,0,120.20500000000001,7,0,1,1,0,1,9,0,0,0,0,36
other,7,1,3,3,6.525,261,40,25,0,65.56557692307695,7,4,15,6,3,3,6,0,0,0,0,36
other,7,0,1,1,0,0,0,0,0,0,7,1,3,0,1,3,7,0,0,0,0,36
other,0,0,0,2,0,0,0,0,0,0,7,1,0,0,1,0,8,1,0,0,0,36
other,20,1,1,5,0,0,0,0,0,0,0,0,0,0,0,0,9,0,0,1,1,36
other,12,0,0,1,6.0,42,7,8,0,90.95857142857145,7,1,3,1,1,2,7,0,0,0,0,36
other,0,0,0,2,0,0,0,0,0,0,7,1,3,2,1,2,7,1,0,0,0,36
other,7,0,1,1,6.515151515151516,215,33,17,0,66.33875,7,9,3,3,1,3,7,0,0,0,0,36
other,7,0,1,1,6.125,49,8,8,0,92.965,7,2,8,0,2,1,8,0,0,0,0,36
other,32,0,0,0,6.0,6,1,0,0,121.22000000000003,7,0,1,0,0,1,9,0,0,0,0,36
other,31,0,0,0,6.0,42,7,8,0,90.95857142857145,7,0,1,1,0,1,9,0,0,0,0,36
other,7,0,1,1,6.333333333333333,19,3,0,0,62.79000000000002,7,2,8,1,2,1,8,0,0,0,0,36
other,32,0,0,0,6.0,6,1,0,0,36.62000000000003,7,0,1,0,0,1,9,0,0,0,0,36
other,31,0,0,0,6.0,12,2,0,0,77.90500000000002,7,1,1,1,1,1,9,0,0,0,0,36
other,0,0,0,1,6.0,12,2,0,0,77.90500000000002,31,0,0,0,0,0,10,1,0,0,0,36
other,7,0,1,1,6.666666666666667,20,3,0,0,62.79000000000002,7,2,8,2,2,1,8,0,0,0,0,36
other,32,0,0,0,11.0,11,1,0,0,-47.97999999999996,7,0,1,0,0,1,9,0,0,0,0,36
other,31,0,0,0,4.0,8,2,0,0,120.20500000000001,7,0,1,1,0,1,9,0,0,0,0,36
other,7,0,1,1,5.333333333333333,16,3,4,0,90.99000000000004,7,2,8,3,2,1,8,0,0,0,0,36
other,32,0,0,0,5.5,11,2,0,0,77.90500000000002,7,0,1,0,0,1,9,0,0,0,0,36
other,31,0,0,0,4.0,4,1,4,0,121.22000000000003,7,0,1,1,0,1,9,0,0,0,0,36
other,7,0,1,1,4.5,18,4,2,0,118.17500000000001,7,2,8,4,2,1,8,0,0,0,0,36
other,32,0,0,0,6.0,12,2,0,0,120.20500000000001,7,0,1,0,0,1,9,0,0,0,0,36
other,31,0,0,0,2.5,5,2,2,0,120.20500000000001,7,0,1,1,0,1,9,0,0,0,0,36
other,7,0,1,1,10.0,20,2,0,0,-48.994999999999976,7,2,8,5,2,1,8,0,0,0,0,36
other,32,0,0,0,10.0,10,1,0,0,-47.97999999999996,7,0,1,0,0,1,9,0,0,0,0,36
other,31,0,0,0,9.0,9,1,0,0,-47.97999999999996,7,1,1,1,1,1,9,0,0,0,0,36
other,0,0,0,1,9.0,9,1,0,0,-47.97999999999996,31,0,0,0,0,0,10,1,0,0,0,36
other,7,0,1,1,6.0,12,2,0,0,77.90500000000002,7,2,8,6,2,1,8,0,0,0,0,36
other,32,0,0,0,6.0,6,1,0,0,36.62000000000003,7,0,1,0,0,1,9,0,0,0,0,36
other,31,0,0,0,5.0,5,1,0,0,121.22000000000003,7,1,1,1,1,1,9,0,0,0,0,36
other,0,0,0,1,5.0,5,1,0,0,121.22000000000003,31,0,0,0,0,0,10,1,0,0,0,36
other,7,0,1,1,5.0,25,5,0,0,75.87500000000001,7,2,8,7,2,1,8,0,0,0,0,36
other,32,0,0,0,5.0,5,1,0,0,121.22000000000003,7,0,1,0,0,1,9,0,0,0,0,36
other,31,0,0,0,4.75,19,4,0,0,62.79000000000002,7,0,1,1,0,1,9,0,0,0,0,36
other,32,0,0,0,5.0,5,1,0,0,36.62000000000003,7,0,1,0,0,1,9,0,0,0,0,36
other,31,0,0,0,3.0,6,2,3,0,120.20500000000001,7,0,1,1,0,1,9,0,0,0,0,36
other,7,1,3,3,6.760869565217392,311,46,13,0,55.31090909090912,7,4,15,7,3,3,6,0,0,0,0,36
other,7,0,1,1,0,0,0,0,0,0,7,1,3,0,1,3,7,0,0,0,0,36
other,0,0,0,2,0,0,0,0,0,0,7,1,0,0,1,0,8,1,0,0,0,36
other,20,1,1,5,0,0,0,0,0,0,0,0,0,0,0,0,9,0,0,1,1,36
other,12,0,0,1,8.0,16,2,0,0,-48.994999999999976,7,1,3,1,1,2,7,0,0,0,0,36
other,7,0,1,1,6.613636363636363,291,44,13,0,61.220357142857154,7,9,3,3,1,3,7,0,0,0,0,36
other,7,0,1,1,6.666666666666667,60,9,2,0,40.09,7,2,8,0,2,1,8,0,0,0,0,36
other,32,0,0,0,6.0,6,1,0,0,121.22000000000003,7,0,1,0,0,1,9,0,0,0,0,36
other,31,0,0,0,6.625,53,8,2,0,30.53000000000003,7,0,1,1,0,1,9,0,0,0,0,36
other,7,0,1,1,6.0,24,4,0,0,54.72500000000002,7,2,8,1,2,1,8,0,0,0,0,36
other,32,0,0,0,6.0,6,1,0,0,36.62000000000003,7,0,1,0,0,1,9,0,0,0,0,36
other,31,0,0,0,5.666666666666667,17,3,0,0,62.79000000000002,7,1,1,1,1,1,9,0,0,0,0,36
other,0,0,0,1,5.666666666666667,17,3,0,0,62.79000000000002,31,0,0,0,0,0,10,1,0,0,0,36
other,7,0,1,1,5.333333333333333,16,3,4,0,90.99000000000004,7,2,8,2,2,1,8,0,0,0,0,36
other,32,0,0,0,5.5,11,2,0,0,77.90500000000002,7,0,1,0,0,1,9,0,0,0,0,36
other,31,0,0,0,4.0,4,1,4,0,121.22000000000003,7,0,1,1,0,1,9,0,0,0,0,36
other,7,0,1,1,4.5,18,4,2,0,118.17500000000001,7,2,8,3,2,1,8,0,0,0,0,36
other,32,0,0,0,6.0,12,2,0,0,120.20500000000001,7,0,1,0,0,1,9,0,0,0,0,36
other,31,0,0,0,2.5,5,2,2,0,120.20500000000001,7,0,1,1,0,1,9,0,0,0,0,36
other,7,0,1,1,5.166666666666667,31,6,2,0,100.24000000000002,7,2,8,4,2,1,8,0,0,0,0,36
other,32,0,0,0,6.5,13,2,0,0,120.20500000000001,7,0,1,0,0,1,9,0,0,0,0,36
other,31,0,0,0,4.25,17,4,2,0,90.99000000000004,7,1,1,1,1,1,9,0,0,0,0,36
other,0,0,0,1,4.25,17,4,2,0,90.99000000000004,31,0,0,0,0,0,10,1,0,0,0,36
other,7,0,1,1,7.7,77,10,0,0,27.485000000000014,7,2,8,5,2,1,8,0,0,0,0,36
other,32,0,0,0,10.0,10,1,0,0,-47.97999999999996,7,0,1,0,0,1,9,0,0,0,0,36
other,31,0,0,0,7.333333333333333,66,9,0,0,37.900000000000034,7,4,1,1,1,1,9,0,0,0,0,36
other,0,0,0,1,6.25,25,4,0,0,33.57500000000002,31,0,3,0,0,1,10,1,0,0,0,36
other,0,0,0,1,7.0,7,1,0,0,121.22000000000003,31,0,3,1,0,1,10,1,0,0,0,36
other,0,0,0,1,9.0,9,1,0,0,-47.97999999999996,31,0,3,2,0,1,10,1,0,0,0,36
other,0,0,0,1,6.333333333333333,19,3,0,0,62.79000000000002,31,0,3,3,0,1,10,1,0,0,0,36
other,7,0,1,1,6.0,12,2,0,0,77.90500000000002,7,2,8,6,2,1,8,0,0,0,0,36
other,32,0,0,0,6.0,6,1,0,0,36.62000000000003,7,0,1,0,0,1,9,0,0,0,0,36
other,31,0,0,0,5.0,5,1,0,0,121.22000000000003,7,1,1,1,1,1,9,0,0,0,0,36
other,0,0,0,1,5.0,5,1,0,0,121.22000000000003,31,0,0,0,0,0,10,1,0,0,0,36
other,7,0,1,1,5.666666666666667,17,3,0,0,90.99000000000004,7,2,8,7,2,1,8,0,0,0,0,36
other,32,0,0,0,5.0,5,1,0,0,121.22000000000003,7,0,1,0,0,1,9,0,0,0,0,36
other,31,0,0,0,5.5,11,2,0,0,77.90500000000002,7,0,1,1,0,1,9,0,0,0,0,36
other,32,0,0,0,5.0,5,1,0,0,36.62000000000003,7,0,1,0,0,1,9,0,0,0,0,36
other,31,0,0,0,3.0,6,2,3,0,120.20500000000001,7,0,1,1,0,1,9,0,0,0,0,36
other,7,1,3,3,6.8,238,35,11,0,68.43166666666669,7,4,15,8,3,3,6,0,0,0,0,36
other,7,0,1,1,0,0,0,0,0,0,7,1,3,0,1,3,7,0,0,0,0,36
other,0,0,0,2,0,0,0,0,0,0,7,1,0,0,1,0,8,1,0,0,0,36
other,20,1,1,5,0,0,0,0,0,0,0,0,0,0,0,0,9,0,0,1,1,36
other,12,0,0,1,7.0,28,4,0,0,54.72500000000002,7,1,3,1,1,2,7,0,0,0,0,36
other,7,0,1,1,6.645161290322581,206,31,11,0,72.60500000000002,7,9,3,3,1,3,7,0,0,0,0,36
other,7,0,1,1,7.0,35,5,0,0,66.40000000000003,7,2,8,0,2,1,8,0,0,0,0,36
other,32,0,0,0,6.0,6,1,0,0,121.22000000000003,7,0,1,0,0,1,9,0,0,0,0,36
other,31,0,0,0,7.0,28,4,0,0,54.72500000000002,7,0,1,1,0,1,9,0,0,0,0,36
other,7,0,1,1,7.0,21,3,0,0,62.79000000000002,7,2,8,1,2,1,8,0,0,0,0,36
other,32,0,0,0,6.0,6,1,0,0,36.62000000000003,7,0,1,0,0,1,9,0,0,0,0,36
other,31,0,0,0,7.0,14,2,0,0,77.90500000000002,7,1,1,1,1,1,9,0,0,0,0,36
other,0,0,0,1,7.0,14,2,0,0,77.90500000000002,31,0,0,0,0,0,10,1,0,0,0,36
other,7,0,1,1,5.333333333333333,16,3,4,0,90.99000000000004,7,2,8,2,2,1,8,0,0,0,0,36
other,32,0,0,0,5.5,11,2,0,0,77.90500000000002,7,0,1,0,0,1,9,0,0,0,0,36
other,31,0,0,0,4.0,4,1,4,0,121.22000000000003,7,0,1,1,0,1,9,0,0,0,0,36
other,7,0,1,1,4.5,18,4,2,0,118.17500000000001,7,2,8,3,2,1,8,0,0,0,0,36
other,32,0,0,0,6.0,12,2,0,0,120.20500000000001,7,0,1,0,0,1,9,0,0,0,0,36
other,31,0,0,0,2.5,5,2,2,0,120.20500000000001,7,0,1,1,0,1,9,0,0,0,0,36
other,7,0,1,1,5.166666666666667,31,6,2,0,100.24000000000002,7,2,8,4,2,1,8,0,0,0,0,36
other,32,0,0,0,6.5,13,2,0,0,120.20500000000001,7,0,1,0,0,1,9,0,0,0,0,36
other,31,0,0,0,4.25,17,4,2,0,90.99000000000004,7,1,1,1,1,1,9,0,0,0,0,36
other,0,0,0,1,4.25,17,4,2,0,90.99000000000004,31,0,0,0,0,0,10,1,0,0,0,36
other,7,0,1,1,10.0,20,2,0,0,-48.994999999999976,7,2,8,5,2,1,8,0,0,0,0,36
other,32,0,0,0,10.0,10,1,0,0,-47.97999999999996,7,0,1,0,0,1,9,0,0,0,0,36
other,31,0,0,0,9.0,9,1,0,0,-47.97999999999996,7,1,1,1,1,1,9,0,0,0,0,36
other,0,0,0,1,9.0,9,1,0,0,-47.97999999999996,31,0,0,0,0,0,10,1,0,0,0,36
other,7,0,1,1,6.0,12,2,0,0,77.90500000000002,7,2,8,6,2,1,8,0,0,0,0,36
other,32,0,0,0,6.0,6,1,0,0,36.62000000000003,7,0,1,0,0,1,9,0,0,0,0,36
other,31,0,0,0,5.0,5,1,0,0,121.22000000000003,7,1,1,1,1,1,9,0,0,0,0,36
other,0,0,0,1,5.0,5,1,0,0,121.22000000000003,31,0,0,0,0,0,10,1,0,0,0,36
other,7,0,1,1,5.666666666666667,17,3,0,0,90.99000000000004,7,2,8,7,2,1,8,0,0,0,0,36
other,32,0,0,0,5.0,5,1,0,0,121.22000000000003,7,0,1,0,0,1,9,0,0,0,0,36
other,31,0,0,0,5.5,11,2,0,0,77.90500000000002,7,0,1,1,0,1,9,0,0,0,0,36
other,32,0,0,0,5.0,5,1,0,0,36.62000000000003,7,0,1,0,0,1,9,0,0,0,0,36
other,31,0,0,0,3.0,6,2,3,0,120.20500000000001,7,0,1,1,0,1,9,0,0,0,0,36
other,7,1,3,3,6.666666666666667,380,57,22,0,75.76500000000001,7,4,15,9,3,3,6,0,0,0,0,36
other,7,0,1,1,0,0,0,0,0,0,7,1,3,0,1,3,7,0,0,0,0,36
other,0,0,0,2,0,0,0,0,0,0,7,1,0,0,1,0,8,1,0,0,0,36
other,20,1,1,5,0,0,0,0,0,0,0,0,0,0,0,0,9,0,0,1,1,36
other,12,0,0,0,6.545454545454546,72,11,6,0,103.625,7,1,3,1,1,2,7,0,0,0,0,36
other,7,0,1,1,6.608695652173913,304,46,16,0,74.66196969696972,7,9,3,3,1,3,7,0,0,0,0,36
other,7,0,1,1,6.583333333333333,79,12,6,0,103.37909090909093,7,2,8,0,2,1,8,0,0,0,0,36
other,32,0,0,0,6.0,6,1,0,0,121.22000000000003,7,0,1,0,0,1,9,0,0,0,0,36
other,31,0,0,0,6.545454545454546,72,11,6,0,103.625,7,0,1,1,0,1,9,0,0,0,0,36
other,7,0,1,1,6.0,18,3,0,0,90.99000000000004,7,2,8,1,2,1,8,0,0,0,0,36
other,32,0,0,0,6.0,6,1,0,0,36.62000000000003,7,0,1,0,0,1,9,0,0,0,0,36
other,31,0,0,0,5.5,11,2,0,0,120.20500000000001,7,1,1,1,1,1,9,0,0,0,0,36
other,0,0,0,1,5.5,11,2,0,0,120.20500000000001,31,0,0,0,0,0,10,1,0,0,0,36
other,7,0,1,1,5.333333333333333,16,3,4,0,90.99000000000004,7,2,8,2,2,1,8,0,0,0,0,36
other,32,0,0,0,5.5,11,2,0,0,77.90500000000002,7,0,1,0,0,1,9,0,0,0,0,36
other,31,0,0,0,4.0,4,1,4,0,121.22000000000003,7,0,1,1,0,1,9,0,0,0,0,36
other,7,0,1,2,4.5,18,4,2,0,118.17500000000001,7,2,8,3,2,1,8,0,0,0,0,36
other,32,0,0,0,6.0,12,2,0,0,120.20500000000001,7,0,1,0,0,1,9,0,0,0,0,36
other,31,0,0,0,2.5,5,2,2,0,120.20500000000001,7,0,1,1,0,1,9,0,0,0,0,36
other,7,0,1,1,5.0,30,6,1,0,100.24000000000002,7,2,8,4,2,1,8,0,0,0,0,36
other,32,0,0,0,6.5,13,2,0,0,120.20500000000001,7,0,1,0,0,1,9,0,0,0,0,36
other,31,0,0,0,4.0,16,4,1,0,90.99000000000004,7,1,1,1,1,1,9,0,0,0,0,36
other,0,0,0,1,4.0,16,4,1,0,90.99000000000004,31,0,0,0,0,0,10,1,0,0,0,36
other,7,0,1,2,7.8,78,10,0,0,27.485000000000014,7,2,8,5,2,1,8,0,0,0,0,36
other,32,0,0,0,10.0,10,1,0,0,-47.97999999999996,7,0,1,0,0,1,9,0,0,0,0,36
other,31,0,0,0,7.444444444444445,67,9,0,0,37.900000000000034,7,4,1,1,1,1,9,0,0,0,0,36
other,0,0,0,2,6.333333333333333,19,3,0,0,62.79000000000002,31,0,3,0,0,1,10,1,0,0,0,36
other,0,0,0,1,9.0,9,1,0,0,-47.97999999999996,31,0,3,1,0,1,10,1,0,0,0,36
other,0,0,0,1,8.0,8,1,0,0,121.22000000000003,31,0,3,2,0,1,10,1,0,0,0,36
other,0,0,0,1,6.25,25,4,0,0,33.57500000000002,31,0,3,3,0,1,10,1,0,0,0,36
other,7,0,1,1,6.0,12,2,0,0,77.90500000000002,7,2,8,6,2,1,8,0,0,0,0,36
other,32,0,0,0,6.0,6,1,0,0,36.62000000000003,7,0,1,0,0,1,9,0,0,0,0,36
other,31,0,0,0,5.0,5,1,0,0,121.22000000000003,7,1,1,1,1,1,9,0,0,0,0,36
other,0,0,0,1,5.0,5,1,0,0,121.22000000000003,31,0,0,0,0,0,10,1,0,0,0,36
other,7,0,1,2,5.666666666666667,17,3,0,0,90.99000000000004,7,2,8,7,2,1,8,0,0,0,0,36
other,32,0,0,0,5.0,5,1,0,0,121.22000000000003,7,0,1,0,0,1,9,0,0,0,0,36
other,31,0,0,0,5.5,11,2,0,0,77.90500000000002,7,0,1,1,0,1,9,0,0,0,0,36
other,32,0,0,0,5.0,5,1,0,0,36.62000000000003,7,0,1,0,0,1,9,0,0,0,0,36
other,31,0,0,0,3.0,6,2,3,0,120.20500000000001,7,0,1,1,0,1,9,0,0,0,0,36
other,7,1,3,3,6.895833333333333,331,48,15,0,61.890000000000015,7,4,15,10,3,3,6,0,0,0,0,36
other,7,0,1,1,0,0,0,0,0,0,7,1,3,0,1,3,7,0,0,0,0,36
other,0,0,0,2,0,0,0,0,0,0,7,1,0,0,1,0,8,1,0,0,0,36
other,20,1,1,5,0,0,0,0,0,0,0,0,0,0,0,0,9,0,0,1,1,36
other,12,0,0,1,7.0,14,2,0,0,35.60500000000002,7,1,3,1,1,2,7,0,0,0,0,36
other,7,0,1,2,6.804347826086956,313,46,15,0,64.40294573643413,7,9,3,3,1,3,7,0,0,0,0,36
other,7,0,1,1,6.666666666666667,80,12,4,0,72.61545454545457,7,2,8,0,2,1,8,0,0,0,0,36
other,32,0,0,0,6.0,6,1,0,0,121.22000000000003,7,0,1,0,0,1,9,0,0,0,0,36
other,31,0,0,1,6.636363636363637,73,11,4,0,69.78500000000001,7,0,1,1,0,1,9,0,0,0,0,36
other,7,0,1,2,6.0,18,3,0,0,90.99000000000004,7,2,8,1,2,1,8,0,0,0,0,36
other,32,0,0,0,6.0,6,1,0,0,36.62000000000003,7,0,1,0,0,1,9,0,0,0,0,36
other,31,0,0,0,5.5,11,2,0,0,120.20500000000001,7,1,1,1,1,1,9,0,0,0,0,36
other,0,0,0,1,5.5,11,2,0,0,120.20500000000001,31,0,0,0,0,0,10,1,0,0,0,36
other,7,0,1,2,5.333333333333333,16,3,4,0,90.99000000000004,7,2,8,2,2,1,8,0,0,0,0,36
other,32,0,0,0,5.5,11,2,0,0,77.90500000000002,7,0,1,0,0,1,9,0,0,0,0,36
other,31,0,0,0,4.0,4,1,4,0,121.22000000000003,7,0,1,1,0,1,9,0,0,0,0,36
other,7,0,1,2,4.5,18,4,2,0,118.17500000000001,7,2,8,3,2,1,8,0,0,0,0,36
other,32,0,0,0,6.0,12,2,0,0,120.20500000000001,7,0,1,0,0,1,9,0,0,0,0,36
other,31,0,0,0,2.5,5,2,2,0,120.20500000000001,7,0,1,1,0,1,9,0,0,0,0,36
other,7,0,1,2,6.222222222222222,56,9,2,0,42.61571428571432,7,2,8,4,2,1,8,0,0,0,0,36
other,32,0,0,0,6.5,13,2,0,0,120.20500000000001,7,0,1,0,0,1,9,0,0,0,0,36
other,31,0,0,0,6.0,42,7,2,0,15.640000000000015,7,1,1,1,1,1,9,0,0,0,0,36
other,0,0,0,2,6.0,42,7,2,0,15.640000000000015,31,0,0,0,0,0,10,1,0,0,0,36
other,7,0,1,1,8.571428571428571,60,7,0,0,42.61571428571432,7,2,8,5,2,1,8,0,0,0,0,36
other,32,0,0,0,10.0,10,1,0,0,-47.97999999999996,7,0,1,0,0,1,9,0,0,0,0,36
other,31,0,0,0,8.166666666666666,49,6,0,0,59.745000000000005,7,4,1,1,1,1,9,0,0,0,0,36
other,0,0,0,2,6.333333333333333,19,3,0,0,62.79000000000002,31,0,3,0,0,1,10,1,0,0,0,36
other,0,0,0,1,9.0,9,1,0,0,-47.97999999999996,31,0,3,1,0,1,10,1,0,0,0,36
other,0,0,0,1,8.0,8,1,0,0,121.22000000000003,31,0,3,2,0,1,10,1,0,0,0,36
other,0,0,0,1,7.0,7,1,0,0,121.22000000000003,31,0,3,3,0,1,10,1,0,0,0,36
other,7,0,1,2,6.0,12,2,0,0,77.90500000000002,7,2,8,6,2,1,8,0,0,0,0,36
other,32,0,0,0,6.0,6,1,0,0,36.62000000000003,7,0,1,0,0,1,9,0,0,0,0,36
other,31,0,0,0,5.0,5,1,0,0,121.22000000000003,7,1,1,1,1,1,9,0,0,0,0,36
other,0,0,0,1,5.0,5,1,0,0,121.22000000000003,31,0,0,0,0,0,10,1,0,0,0,36
other,7,0,1,2,5.666666666666667,17,3,0,0,90.99000000000004,7,2,8,7,2,1,8,0,0,0,0,36
other,32,0,0,0,5.0,5,1,0,0,121.22000000000003,7,0,1,0,0,1,9,0,0,0,0,36
other,31,0,0,0,5.5,11,2,0,0,77.90500000000002,7,0,1,1,0,1,9,0,0,0,0,36
other,32,0,0,0,5.0,5,1,0,0,36.62000000000003,7,0,1,0,0,1,9,0,0,0,0,36
other,31,0,0,0,3.0,6,2,3,0,120.20500000000001,7,0,1,1,0,1,9,0,0,0,0,36
other,7,1,3,3,7.166666666666667,301,42,26,0,81.5389430894309,7,4,15,11,3,3,6,0,0,0,0,36
other,7,0,1,1,0,0,0,0,0,0,7,1,3,0,1,3,7,0,0,0,0,36
other,0,0,0,2,0,0,0,0,0,0,7,1,0,0,1,0,8,1,0,0,0,36
other,20,1,1,5,0,0,0,0,0,0,0,0,0,0,0,0,9,0,0,1,1,36
other,12,0,0,1,7.857142857142857,55,7,8,0,103.04428571428575,7,1,3,1,1,2,7,0,0,0,0,36
other,0,0,0,2,0,0,0,0,0,0,7,1,3,2,1,2,7,1,0,0,0,36
other,7,0,1,2,6.914285714285715,242,35,18,0,80.87284313725492,7,9,3,3,1,3,7,0,0,0,0,36
other,7,0,1,1,7.75,62,8,8,0,103.54,7,2,8,0,2,1,8,0,0,0,0,36
other,32,0,0,0,6.0,6,1,0,0,121.22000000000003,7,0,1,0,0,1,9,0,0,0,0,36
other,31,0,0,1,7.857142857142857,55,7,8,0,103.04428571428575,7,0,1,1,0,1,9,0,0,0,0,36
other,7,0,1,2,7.0,21,3,0,0,62.79000000000002,7,2,8,1,2,1,8,0,0,0,0,36
other,32,0,0,0,6.0,6,1,0,0,36.62000000000003,7,0,1,0,0,1,9,0,0,0,0,36
other,31,0,0,0,7.0,14,2,0,0,77.90500000000002,7,1,1,1,1,1,9,0,0,0,0,36
other,0,0,0,1,7.0,14,2,0,0,77.90500000000002,31,0,0,0,0,0,10,1,0,0,0,36
other,7,0,1,2,5.333333333333333,16,3,4,0,90.99000000000004,7,2,8,2,2,1,8,0,0,0,0,36
other,32,0,0,0,5.5,11,2,0,0,77.90500000000002,7,0,1,0,0,1,9,0,0,0,0,36
other,31,0,0,0,4.0,4,1,4,0,121.22000000000003,7,0,1,1,0,1,9,0,0,0,0,36
other,7,0,1,2,4.5,18,4,2,0,118.17500000000001,7,2,8,3,2,1,8,0,0,0,0,36
other,32,0,0,0,6.0,12,2,0,0,120.20500000000001,7,0,1,0,0,1,9,0,0,0,0,36
other,31,0,0,0,2.5,5,2,2,0,120.20500000000001,7,0,1,1,0,1,9,0,0,0,0,36
other,7,0,1,2,5.0,30,6,1,0,100.24000000000002,7,2,8,4,2,1,8,0,0,0,0,36
other,32,0,0,0,6.5,13,2,0,0,120.20500000000001,7,0,1,0,0,1,9,0,0,0,0,36
other,31,0,0,0,4.0,16,4,1,0,90.99000000000004,7,1,1,1,1,1,9,0,0,0,0,36
other,0,0,0,2,4.0,16,4,1,0,90.99000000000004,31,0,0,0,0,0,10,1,0,0,0,36
other,7,0,1,2,10.0,30,3,0,0,6.390000000000015,7,2,8,5,2,1,8,0,0,0,0,36
other,32,0,0,0,10.0,10,1,0,0,-47.97999999999996,7,0,1,0,0,1,9,0,0,0,0,36
other,31,0,0,0,9.5,19,2,0,0,35.60500000000002,7,2,1,1,1,1,9,0,0,0,0,36
other,0,0,0,1,8.0,8,1,0,0,121.22000000000003,31,0,1,0,0,1,10,1,0,0,0,36
other,0,0,0,2,9.0,9,1,0,0,-47.97999999999996,31,0,1,1,0,1,10,1,0,0,0,36
other,7,0,1,2,6.0,12,2,0,0,77.90500000000002,7,2,8,6,2,1,8,0,0,0,0,36
other,32,0,0,0,6.0,6,1,0,0,36.62000000000003,7,0,1,0,0,1,9,0,0,0,0,36
other,31,0,0,0,5.0,5,1,0,0,121.22000000000003,7,1,1,1,1,1,9,0,0,0,0,36
other,0,0,0,1,5.0,5,1,0,0,121.22000000000003,31,0,0,0,0,0,10,1,0,0,0,36
other,7,0,1,2,5.666666666666667,17,3,0,0,90.99000000000004,7,2,8,7,2,1,8,0,0,0,0,36
other,32,0,0,0,5.0,5,1,0,0,121.22000000000003,7,0,1,0,0,1,9,0,0,0,0,36
other,31,0,0,0,5.5,11,2,0,0,77.90500000000002,7,0,1,1,0,1,9,0,0,0,0,36
other,32,0,0,0,5.0,5,1,0,0,36.62000000000003,7,0,1,0,0,1,9,0,0,0,0,36
other,31,0,0,0,3.0,6,2,3,0,120.20500000000001,7,0,1,1,0,1,9,0,0,0,0,36
other,7,1,3,3,6.709677419354839,208,31,10,0,72.51060344827589,7,4,15,12,3,3,6,0,0,0,0,36
other,7,0,1,1,0,0,0,0,0,0,7,1,3,0,1,3,7,0,0,0,0,36
other,0,0,0,2,0,0,0,0,0,0,7,1,0,0,1,0,8,1,0,0,0,36
other,20,1,1,5,0,0,0,0,0,0,0,0,0,0,0,0,9,0,0,1,1,36
other,12,0,0,1,7.0,14,2,0,0,120.20500000000001,7,1,3,1,1,2,7,0,0,0,0,36
other,0,0,0,2,0,0,0,0,0,0,7,1,3,2,1,2,7,1,0,0,0,36
other,7,0,1,2,6.551724137931035,190,29,10,0,70.93250000000003,7,8,3,3,1,3,7,0,0,0,0,36
other,7,0,1,2,6.222222222222222,56,9,0,0,78.87285714285717,7,2,7,0,2,1,8,0,0,0,0,36
other,32,0,0,0,6.0,6,1,0,0,121.22000000000003,7,0,1,0,0,1,9,0,0,0,0,36
other,31,0,0,1,6.125,49,8,0,0,73.84500000000001,7,0,1,1,0,1,9,0,0,0,0,36
other,7,0,1,2,5.666666666666667,17,3,0,0,90.99000000000004,7,2,7,1,2,1,8,0,0,0,0,36
other,32,0,0,0,6.0,6,1,0,0,36.62000000000003,7,0,1,0,0,1,9,0,0,0,0,36
other,31,0,0,0,5.0,10,2,0,0,120.20500000000001,7,1,1,1,1,1,9,0,0,0,0,36
other,0,0,0,2,5.0,10,2,0,0,120.20500000000001,31,0,0,0,0,0,10,1,0,0,0,36
other,7,0,1,2,5.333333333333333,16,3,4,0,90.99000000000004,7,2,7,2,2,1,8,0,0,0,0,36
other,32,0,0,0,5.5,11,2,0,0,77.90500000000002,7,0,1,0,0,1,9,0,0,0,0,36
other,31,0,0,1,4.0,4,1,4,0,121.22000000000003,7,0,1,1,0,1,9,0,0,0,0,36
other,7,0,1,2,4.75,19,4,3,0,118.17500000000001,7,2,7,3,2,1,8,0,0,0,0,36
other,32,0,0,0,6.0,12,2,0,0,120.20500000000001,7,0,1,0,0,1,9,0,0,0,0,36
other,31,0,0,1,3.0,6,2,3,0,120.20500000000001,7,0,1,1,0,1,9,0,0,0,0,36
other,7,0,1,2,10.0,20,2,0,0,-48.994999999999976,7,2,7,4,2,1,8,0,0,0,0,36
other,32,0,0,0,10.0,10,1,0,0,-47.97999999999996,7,0,1,0,0,1,9,0,0,0,0,36
other,31,0,0,0,9.0,9,1,0,0,-47.97999999999996,7,1,1,1,1,1,9,0,0,0,0,36
other,0,0,0,2,9.0,9,1,0,0,-47.97999999999996,31,0,0,0,0,0,10,1,0,0,0,36
other,7,0,1,2,6.0,12,2,0,0,77.90500000000002,7,2,7,5,2,1,8,0,0,0,0,36
other,32,0,0,0,6.0,6,1,0,0,36.62000000000003,7,0,1,0,0,1,9,0,0,0,0,36
other,31,0,0,0,5.0,5,1,0,0,121.22000000000003,7,1,1,1,1,1,9,0,0,0,0,36
other,0,0,0,2,5.0,5,1,0,0,121.22000000000003,31,0,0,0,0,0,10,1,0,0,0,36
other,7,0,1,2,5.666666666666667,17,3,0,0,90.99000000000004,7,2,7,6,2,1,8,0,0,0,0,36
other,32,0,0,0,5.0,5,1,0,0,121.22000000000003,7,0,1,0,0,1,9,0,0,0,0,36
other,31,0,0,1,5.5,11,2,0,0,77.90500000000002,7,0,1,1,0,1,9,0,0,0,0,36
other,32,0,0,1,5.0,5,1,0,0,36.62000000000003,7,0,1,0,0,1,9,0,0,0,0,36
other,31,0,0,1,3.0,6,2,3,0,120.20500000000001,7,0,1,1,0,1,9,0,0,0,0,36
other,7,1,3,3,6.690476190476191,281,42,26,0,72.74666666666668,7,4,15,13,3,3,6,0,0,0,0,36
other,7,0,1,1,0,0,0,0,0,0,7,1,3,0,1,3,7,0,0,0,0,36
other,0,0,0,2,0,0,0,0,0,0,7,1,0,0,1,0,8,1,0,0,0,36
other,20,1,1,5,0,0,0,0,0,0,0,0,0,0,0,0,9,0,0,1,1,36
other,12,0,0,1,6.666666666666667,40,6,8,0,87.94500000000002,7,1,3,1,1,2,7,0,0,0,0,36
other,0,0,0,2,0,0,0,0,0,0,7,1,3,2,1,2,7,1,0,0,0,36
other,7,0,1,1,6.583333333333333,237,36,18,0,73.40813725490199,7,9,3,3,1,3,7,0,0,0,0,36
other,7,0,1,2,6.3,63,10,8,0,84.90000000000003,7,2,8,0,2,1,8,0,0,0,0,36
other,32,0,0,0,6.0,6,1,0,0,121.22000000000003,7,0,1,0,0,1,9,0,0,0,0,36
other,31,0,0,1,6.222222222222222,56,9,8,0,82.39000000000001,7,0,1,1,0,1,9,0,0,0,0,36
other,7,0,1,2,7.333333333333333,22,3,0,0,62.79000000000002,7,2,8,1,2,1,8,0,0,0,0,36
other,32,0,0,1,6.0,6,1,0,0,36.62000000000003,7,0,1,0,0,1,9,0,0,0,0,36
other,31,0,0,0,7.5,15,2,0,0,77.90500000000002,7,1,1,1,1,1,9,0,0,0,0,36
other,0,0,0,2,7.5,15,2,0,0,77.90500000000002,31,0,0,0,0,0,10,1,0,0,0,36
other,7,0,1,2,5.333333333333333,16,3,4,0,90.99000000000004,7,2,8,2,2,1,8,0,0,0,0,36
other,32,0,0,1,5.5,11,2,0,0,77.90500000000002,7,0,1,0,0,1,9,0,0,0,0,36
other,31,0,0,0,4.0,4,1,4,0,121.22000000000003,7,0,1,1,0,1,9,0,0,0,0,36
other,7,0,1,2,4.5,18,4,2,0,118.17500000000001,7,2,8,3,2,1,8,0,0,0,0,36
other,32,0,0,1,6.0,12,2,0,0,120.20500000000001,7,0,1,0,0,1,9,0,0,0,0,36
other,31,0,0,0,2.5,5,2,2,0,120.20500000000001,7,0,1,1,0,1,9,0,0,0,0,36
other,7,0,1,2,5.666666666666667,34,6,2,0,83.32000000000004,7,2,8,4,2,1,8,0,0,0,0,36
other,32,0,0,1,6.5,13,2,0,0,120.20500000000001,7,0,1,0,0,1,9,0,0,0,0,36
other,31,0,0,0,5.0,20,4,2,0,62.79000000000002,7,1,1,1,1,1,9,0,0,0,0,36
other,0,0,0,1,5.0,20,4,2,0,62.79000000000002,31,0,0,0,0,0,10,1,0,0,0,36
other,7,0,1,2,10.0,20,2,0,0,-48.994999999999976,7,2,8,5,2,1,8,0,0,0,0,36
other,32,0,0,1,10.0,10,1,0,0,-47.97999999999996,7,0,1,0,0,1,9,0,0,0,0,36
other,31,0,0,0,9.0,9,1,0,0,-47.97999999999996,7,1,1,1,1,1,9,0,0,0,0,36
other,0,0,0,2,9.0,9,1,0,0,-47.97999999999996,31,0,0,0,0,0,10,1,0,0,0,36
other,7,0,1,2,6.0,12,2,0,0,77.90500000000002,7,2,8,6,2,1,8,0,0,0,0,36
other,32,0,0,1,6.0,6,1,0,0,36.62000000000003,7,0,1,0,0,1,9,0,0,0,0,36
other,31,0,0,0,5.0,5,1,0,0,121.22000000000003,7,1,1,1,1,1,9,0,0,0,0,36
other,0,0,0,1,5.0,5,1,0,0,121.22000000000003,31,0,0,0,0,0,10,1,0,0,0,36
other,7,0,1,1,5.666666666666667,17,3,0,0,90.99000000000004,7,2,8,7,2,1,8,0,0,0,0,36
other,32,0,0,0,5.0,5,1,0,0,121.22000000000003,7,0,1,0,0,1,9,0,0,0,0,36
other,31,0,0,0,5.5,11,2,0,0,77.90500000000002,7,0,1,1,0,1,9,0,0,0,0,36
other,32,0,0,0,5.0,5,1,0,0,36.62000000000003,7,0,1,0,0,1,9,0,0,0,0,36
other,31,0,0,0,2.5,5,2,2,0,120.20500000000001,7,0,1,1,0,1,9,0,0,0,0,36
other,7,0,1,1,0,0,0,0,0,0,7,0,15,14,0,3,6,0,0,0,0,36
other,39,0,1,1,3.090909090909091,34,11,12,0,112.08500000000001,7,10,15,15,2,3,6,0,0,0,0,36
other,3,0,0,0,1.0,1,1,1,0,121.22000000000003,39,0,9,0,0,1,7,0,0,0,0,36
other,23,0,0,0,1.0,1,1,1,0,121.22000000000003,39,1,9,1,1,2,7,0,0,0,0,36
other,0,0,0,1,1.0,1,1,1,0,121.22000000000003,23,0,0,0,0,0,8,1,0,0,0,36
other,23,0,0,0,1.0,1,1,1,0,121.22000000000003,39,1,9,2,1,2,7,0,0,0,0,36
other,0,0,0,1,1.0,1,1,1,0,121.22000000000003,23,0,0,0,0,0,8,1,0,0,0,36
other,23,0,0,0,1.0,1,1,1,0,121.22000000000003,39,1,9,3,1,2,7,0,0,0,0,36
other,0,0,0,1,1.0,1,1,1,0,121.22000000000003,23,0,0,0,0,0,8,1,0,0,0,36
other,23,0,0,0,1.0,1,1,1,0,121.22000000000003,39,1,9,4,1,2,7,0,0,0,0,36
other,0,0,0,1,1.0,1,1,1,0,121.22000000000003,23,0,0,0,0,0,8,1,0,0,0,36
other,23,0,0,0,1.0,1,1,1,0,121.22000000000003,39,1,9,5,1,2,7,0,0,0,0,36
other,0,0,0,1,1.0,1,1,1,0,121.22000000000003,23,0,0,0,0,0,8,1,0,0,0,36
other,23,0,0,0,1.0,1,1,1,0,121.22000000000003,39,1,9,6,1,2,7,0,0,0,0,36
other,0,0,0,1,1.0,1,1,1,0,121.22000000000003,23,0,0,0,0,0,8,1,0,0,0,36
other,23,0,0,0,1.0,1,1,1,0,121.22000000000003,39,1,9,7,1,2,7,0,0,0,0,36
other,0,0,0,1,1.0,1,1,1,0,121.22000000000003,23,0,0,0,0,0,8,1,0,0,0,36
other,23,0,0,0,4.0,4,1,4,0,121.22000000000003,39,1,9,8,1,2,7,0,0,0,0,36
other,0,0,0,1,4.0,4,1,4,0,121.22000000000003,23,0,0,0,0,0,8,1,0,0,0,36
other,23,0,0,0,7.0,7,1,0,0,121.22000000000003,39,1,9,9,1,2,7,0,0,0,0,36
other,0,0,0,1,7.0,7,1,0,0,121.22000000000003,23,0,0,0,0,0,8,1,0,0,0,36
other,7,0,1,1,0,0,0,0,0,0,7,0,6,6,0,1,4,0,0,0,0,36
other,7,1,0,1,5.076923076923077,66,13,4,0,56.70000000000002,7,2,7,6,1,1,3,0,0,0,0,36
other,7,0,0,1,5.076923076923077,66,13,4,0,56.70000000000002,7,4,1,1,2,0,4,0,0,0,0,36
other,32,0,0,0,7.0,7,1,0,0,36.62000000000003,7,0,3,0,0,1,5,0,0,0,0,36
other,0,0,0,1,8.0,8,1,0,0,-47.97999999999996,7,0,3,1,0,2,5,1,1,0,0,36
other,0,0,0,1,6.0,6,1,0,0,121.22000000000003,7,0,3,2,0,2,5,1,1,0,0,36
other,0,0,0,1,8.0,8,1,0,0,36.62000000000003,7,0,3,3,0,2,5,1,1,0,0,36
other,7,1,0,2,0,0,0,0,0,0,4,1,7,3,1,2,2,0,0,0,0,36
other,20,1,0,3,0,0,0,0,0,0,7,0,0,0,0,0,3,0,0,1,1,36
other,7,1,0,2,0,0,0,0,0,0,4,0,7,4,0,2,2,0,0,0,0,36
other,7,1,0,2,0,0,0,0,0,0,4,0,7,5,0,2,2,0,0,0,0,36
other,7,1,0,2,0,0,0,0,0,0,4,0,7,6,0,2,2,0,0,0,0,36
other,7,1,0,1,10.0,10,1,0,0,36.62000000000003,4,2,7,7,2,2,2,0,0,0,0,36
other,28,1,0,1,10.0,10,1,0,0,36.62000000000003,7,0,1,0,0,1,3,0,0,0,0,36
other,7,1,0,1,0,0,0,0,0,0,7,0,1,1,0,1,3,0,0,0,0,36
