Category,tag,parent_tag,num_children,num_siblings,dom_depth,class_str,id_str,text_len,text_word_count,text_digit_count,has_currency_symbol,is_price_format,text_density,reading_ease,has_href,is_image
title,a,h3,0,0,8,,,16,3,0,0,0,16.0,90.99000000000004,1,0
title,a,h3,0,0,8,,,22,3,0,0,0,22.0,62.79000000000002,1,0
title,a,h3,0,0,8,,,18,4,0,0,0,18.0,97.025,1,0
title,a,h3,0,0,8,,,45,9,4,0,0,45.0,98.8675,1,0
title,a,h3,0,0,8,,,21,2,0,0,0,21.0,77.90500000000002,1,0
title,a,h3,0,0,8,,,91,15,1,0,0,91.0,84.9157142857143,1,0
title,a,h3,0,0,8,,,91,15,1,0,0,91.0,84.9157142857143,1,0
title,a,h3,0,0,8,,,91,15,1,0,0,91.0,84.9157142857143,1,0
title,a,h3,0,0,8,,,15,2,0,0,0,15.0,77.90500000000002,1,0
title,a,h3,0,0,8,,,10,1,0,0,0,10.0,-47.97999999999996,1,0
title,a,h3,0,0,8,,,53,8,0,0,0,53.0,115.13000000000002,1,0
title,a,h3,0,0,8,,,45,5,0,0,0,45.0,117.16000000000003,1,0
title,a,h3,0,0,8,,,54,6,0,0,0,54.0,117.16000000000003,1,0
title,a,h3,0,0,8,,,45,5,0,0,0,45.0,117.16000000000003,1,0
title,a,h3,0,0,8,,,45,5,0,0,0,45.0,117.16000000000003,1,0
title,a,h3,0,0,8,,,48,6,0,0,0,48.0,117.16000000000003,1,0
title,a,h3,0,0,8,,,29,3,0,0,0,29.0,119.19000000000003,1,0
title,a,h3,0,0,8,,,20,3,0,0,0,20.0,62.79000000000002,1,0
title,a,h3,0,0,8,,,41,7,0,0,0,41.0,87.94500000000002,1,0
title,a,h3,0,0,8,,,50,4,0,0,0,50.0,-72.17499999999998,1,0
price,span,div,0,1,9,,,5,2,2,0,0,5.0,120.20500000000001,0,0
price,span,div,0,1,9,,,5,2,2,0,0,5.0,120.20500000000001,0,0
price,span,div,0,1,9,,,5,2,2,0,0,5.0,120.20500000000001,0,0
price,span,div,0,1,9,,,6,2,3,0,0,6.0,120.20500000000001,0,0
price,span,div,0,1,9,,,5,2,2,0,0,5.0,120.20500000000001,0,0
price,span,div,0,1,9,,,5,2,2,0,0,5.0,120.20500000000001,0,0
price,span,div,0,1,9,,,5,2,2,0,0,5.0,120.20500000000001,0,0
price,span,div,0,1,9,,,5,2,2,0,0,5.0,120.20500000000001,0,0
price,span,div,0,1,9,,,5,2,2,0,0,5.0,120.20500000000001,0,0
price,span,div,0,1,9,,,5,2,2,0,0,5.0,120.20500000000001,0,0
price,span,div,0,1,9,,,5,2,2,0,0,5.0,120.20500000000001,0,0
price,span,div,0,1,9,,,5,2,2,0,0,5.0,120.20500000000001,0,0
price,span,div,0,1,9,,,5,2,2,0,0,5.0,120.20500000000001,0,0
price,span,div,0,1,9,,,5,2,2,0,0,5.0,120.20500000000001,0,0
price,span,div,0,1,9,,,5,2,2,0,0,5.0,120.20500000000001,0,0
price,span,div,0,1,9,,,5,2,2,0,0,5.0,120.20500000000001,0,0
price,span,div,0,1,9,,,6,2,3,0,0,6.0,120.20500000000001,0,0
price,span,div,0,1,9,,,5,2,2,0,0,5.0,120.20500000000001,0,0
price,span,div,0,1,9,,,5,2,2,0,0,5.0,120.20500000000001,0,0
price,span,div,0,1,9,,,5,2,2,0,0,5.0,120.20500000000001,0,0
image,img,div,0,3,7,pw-selected,,0,0,0,0,0,0.0,0.0,0,1
image,img,a,0,0,8,picgrp pw-selected,pic1025345,0,0,0,0,0,0.0,0.0,0,1
image,img,a,0,0,8,picgrp pw-selected,pic1025344,0,0,0,0,0,0.0,0.0,0,1
image,img,a,0,0,8,picgrp pw-selected,pic1025343,0,0,0,0,0,0.0,0.0,0,1
image,img,a,0,0,8,picgrp pw-selected,pic1025342,0,0,0,0,0,0.0,0.0,0,1
image,img,div,0,3,7,pw-selected,,0,0,0,0,0,0.0,0.0,0,1
image,img,a,0,0,8,picgrp pw-selected,pic1025341,0,0,0,0,0,0.0,0.0,0,1
image,img,a,0,0,8,picgrp pw-selected,pic1025340,0,0,0,0,0,0.0,0.0,0,1
image,img,div,0,3,7,pw-selected,,0,0,0,0,0,0.0,0.0,0,1
image,img,div,0,3,7,pw-selected,,0,0,0,0,0,0.0,0.0,0,1
image,img,a,0,0,8,picgrp pw-selected,pic1025339,0,0,0,0,0,0.0,0.0,0,1
image,img,a,0,0,8,picgrp pw-selected,pic1025338,0,0,0,0,0,0.0,0.0,0,1
image,img,a,0,0,8,picgrp pw-selected,pic1025337,0,0,0,0,0,0.0,0.0,0,1
image,img,a,0,0,8,picgrp pw-selected,pic1025336,0,0,0,0,0,0.0,0.0,0,1
image,img,a,0,0,8,picgrp pw-selected,pic1025335,0,0,0,0,0,0.0,0.0,0,1
image,img,a,0,0,8,picgrp pw-selected,pic1025334,0,0,0,0,0,0.0,0.0,0,1
image,img,a,0,0,8,picgrp pw-selected,pic1025333,0,0,0,0,0,0.0,0.0,0,1
image,img,a,0,0,8,picgrp pw-selected,pic1025332,0,0,0,0,0,0.0,0.0,0,1
image,img,a,0,0,8,picgrp pw-selected,pic1025330,0,0,0,0,0,0.0,0.0,0,1
image,img,a,0,0,8,picgrp pw-selected,pic1025331,0,0,0,0,0,0.0,0.0,0,1
other,html,root,2,0,0,,,13907,1656,578,0,1,11.999137187230371,46.61195285161361,0,0
other,head,html,14,1,1,,,4797,502,281,0,1,319.8,15.35785714285717,0,0
other,meta,head,0,13,2,,,0,0,0,0,0,0.0,0.0,0,0
other,meta,head,0,13,2,,,0,0,0,0,0,0.0,0.0,0,0
other,meta,head,0,13,2,,,0,0,0,0,0,0.0,0.0,0,0
other,meta,head,0,13,2,,,0,0,0,0,0,0.0,0.0,0,0
other,meta,head,0,13,2,,,0,0,0,0,0,0.0,0.0,0,0
other,meta,head,0,13,2,,,0,0,0,0,0,0.0,0.0,0,0
other,meta,head,0,13,2,,,0,0,0,0,0,0.0,0.0,0,0
other,link,head,0,13,2,,,0,0,0,0,0,0.0,0.0,1,0
other,title,head,0,13,2,,,19,2,0,0,0,19.0,-133.59499999999997,0,0
other,style,head,0,13,2,,,248,33,18,0,0,248.0,49.48400000000001,0,0
other,script,head,0,13,2,,,0,0,0,0,0,0.0,0.0,0,0
other,script,head,0,13,2,,,0,0,0,0,0,0.0,0.0,0,0
other,script,head,0,13,2,,,441,18,6,0,0,441.0,-307.86999999999995,0,0
other,style,head,0,13,2,,,4078,449,257,0,1,4078.0,24.656924316067204,0,0
other,body,html,9,1,1,,,9100,1154,297,0,0,7.961504811898513,50.9385787166961,0,0
other,div,body,9,8,2,,wrap,8553,1130,293,0,0,7.663978494623656,52.115193000144046,0,0
other,div,div,0,8,3,,header-top,0,0,0,0,0,0.0,0.0,0,0
other,div,div,2,8,3,,header-main,19,2,0,0,0,3.1666666666666665,-133.59499999999997,0,0
other,a,div,1,1,4,,logo,19,2,0,0,0,9.5,-133.59499999999997,1,0
other,h1,a,0,0,5,,logo-text,19,2,0,0,0,19.0,-133.59499999999997,0,0
other,div,div,1,1,4,,account,0,0,0,0,0,0.0,0.0,0,0
other,a,div,1,0,5,,,0,0,0,0,0,0.0,0.0,1,0
other,img,a,0,0,6,,,0,0,0,0,0,0.0,0.0,0,1
other,div,div,2,8,3,,nav,80,10,0,0,0,4.0,2.105000000000018,0,0
other,div,div,1,1,4,,nav-bar,80,10,0,0,0,4.444444444444445,2.105000000000018,0,0
other,ul,div,8,0,5,,,80,10,0,0,0,4.705882352941177,2.105000000000018,0,0
other,li,ul,1,7,6,,selected,7,1,0,0,0,3.5,36.62000000000003,0,0
other,span,li,0,0,7,,,7,1,0,0,0,7.0,36.62000000000003,0,0
other,li,ul,1,7,6,,,7,1,0,0,0,3.5,121.22000000000003,0,0
other,a,li,0,0,7,,,7,1,0,0,0,7.0,121.22000000000003,1,0
other,li,ul,1,7,6,,,9,1,0,0,0,4.5,-47.97999999999996,0,0
other,a,li,0,0,7,,,9,1,0,0,0,9.0,-47.97999999999996,1,0
other,li,ul,1,7,6,,,5,1,0,0,0,2.5,121.22000000000003,0,0
other,a,li,0,0,7,,,5,1,0,0,0,5.0,121.22000000000003,1,0
other,li,ul,1,7,6,,,8,1,0,0,0,4.0,-47.97999999999996,0,0
other,a,li,0,0,7,,,8,1,0,0,0,8.0,-47.97999999999996,1,0
other,li,ul,1,7,6,,,17,2,0,0,0,8.5,-6.694999999999993,0,0
other,a,li,0,0,7,,,17,2,0,0,0,17.0,-6.694999999999993,1,0
other,li,ul,1,7,6,,,12,2,0,0,0,6.0,-6.694999999999993,0,0
other,a,li,0,0,7,,,12,2,0,0,0,12.0,-6.694999999999993,1,0
other,li,ul,1,7,6,,,8,1,0,0,0,4.0,-47.97999999999996,0,0
other,a,li,0,0,7,,,8,1,0,0,0,8.0,-47.97999999999996,1,0
other,div,div,7,8,3,,content-wrap,8332,1105,289,0,0,7.736304549675023,53.175118062317466,0,0
other,div,div,4,6,4,sidebar,leftbar,2019,256,2,0,0,7.159574468085107,-30.765217391304304,0,0
other,h1,div,0,3,5,,,11,1,0,0,0,11.0,36.62000000000003,0,0
other,div,div,1,3,5,left-box,sear,0,0,0,0,0,0.0,0.0,0,0
other,form,div,1,0,6,,,0,0,0,0,0,0.0,0.0,0,0
other,input,p,0,2,8,textbox,,0,0,0,0,0,0.0,0.0,0,0
other,input,p,0,2,8,ibtn button,,0,0,0,0,0,0.0,0.0,0,0
other,a,p,1,2,8,,,0,0,0,0,0,0.0,0.0,1,0
other,img,a,0,0,9,,,0,0,0,0,0,0.0,0.0,0,1
other,h1,div,0,3,5,,,9,1,0,0,0,9.0,-47.97999999999996,0,0
other,div,div,1,3,5,,cat_container,1945,254,2,0,0,7.150735294117647,-64.33908536585363,0,0
other,ul,div,135,0,6,,cat_list,1945,254,2,0,0,7.177121771217712,-64.33908536585363,0,0
other,li,ul,1,134,7,alt-odd,,16,3,1,0,0,8.0,62.79000000000002,0,0
other,a,li,0,0,8,,,16,3,1,0,0,16.0,62.79000000000002,1,0
other,li,ul,1,134,7,alt-even,,16,3,1,0,0,8.0,62.79000000000002,0,0
other,a,li,0,0,8,,,16,3,1,0,0,16.0,62.79000000000002,1,0
other,li,ul,1,134,7,alt-odd,,6,1,0,0,0,3.0,36.62000000000003,0,0
other,a,li,0,0,8,,,6,1,0,0,0,6.0,36.62000000000003,1,0
other,li,ul,1,134,7,alt-even,,7,1,0,0,0,3.5,-132.57999999999996,0,0
other,a,li,0,0,8,,,7,1,0,0,0,7.0,-132.57999999999996,1,0
other,li,ul,1,134,7,alt-odd,,6,1,0,0,0,3.0,-47.97999999999996,0,0
other,a,li,0,0,8,,,6,1,0,0,0,6.0,-47.97999999999996,1,0
other,li,ul,1,134,7,alt-even,,11,1,0,0,0,5.5,-47.97999999999996,0,0
other,a,li,0,0,8,,,11,1,0,0,0,11.0,-47.97999999999996,1,0
other,li,ul,1,134,7,alt-odd,,4,1,0,0,0,2.0,121.22000000000003,0,0
other,a,li,0,0,8,,,4,1,0,0,0,4.0,121.22000000000003,1,0
other,li,ul,1,134,7,alt-even,,19,3,0,0,0,9.5,35.60500000000002,0,0
other,a,li,0,0,8,,,19,3,0,0,0,19.0,35.60500000000002,1,0
other,li,ul,1,134,7,alt-odd,,6,1,0,0,0,3.0,121.22000000000003,0,0
other,a,li,0,0,8,,,6,1,0,0,0,6.0,121.22000000000003,1,0
other,li,ul,1,134,7,alt-even,,23,3,0,0,0,11.5,35.60500000000002,0,0
other,a,li,0,0,8,,,23,3,0,0,0,23.0,35.60500000000002,1,0
other,li,ul,1,134,7,alt-odd,,8,1,0,0,0,4.0,121.22000000000003,0,0
other,a,li,0,0,8,,,8,1,0,0,0,8.0,121.22000000000003,1,0
other,li,ul,1,134,7,alt-even,,26,4,0,0,0,13.0,34.59000000000003,0,0
other,a,li,0,0,8,,,26,4,0,0,0,26.0,34.59000000000003,1,0
other,li,ul,1,134,7,alt-odd,,19,3,0,0,0,9.5,-6.694999999999993,0,0
other,a,li,0,0,8,,,19,3,0,0,0,19.0,-6.694999999999993,1,0
other,li,ul,1,134,7,alt-even,,14,2,0,0,0,7.0,120.20500000000001,0,0
other,a,li,0,0,8,,,14,2,0,0,0,14.0,120.20500000000001,1,0
other,li,ul,1,134,7,alt-odd,,11,1,0,0,0,5.5,-47.97999999999996,0,0
other,a,li,0,0,8,,,11,1,0,0,0,11.0,-47.97999999999996,1,0
other,li,ul,1,134,7,alt-even,,6,1,0,0,0,3.0,121.22000000000003,0,0
other,a,li,0,0,8,,,6,1,0,0,0,6.0,121.22000000000003,1,0
other,li,ul,1,134,7,alt-odd,,8,1,0,0,0,4.0,36.62000000000003,0,0
other,a,li,0,0,8,,,8,1,0,0,0,8.0,36.62000000000003,1,0
other,li,ul,1,134,7,alt-even,,27,6,0,0,0,13.5,118.17500000000001,0,0
other,a,li,0,0,8,,,27,6,0,0,0,27.0,118.17500000000001,1,0
other,li,ul,1,134,7,alt-odd,,9,1,0,0,0,4.5,36.62000000000003,0,0
other,a,li,0,0,8,,,9,1,0,0,0,9.0,36.62000000000003,1,0
other,li,ul,1,134,7,alt-even,,6,1,0,0,0,3.0,36.62000000000003,0,0
other,a,li,0,0,8,,,6,1,0,0,0,6.0,36.62000000000003,1,0
other,li,ul,1,134,7,alt-odd,,18,2,0,0,0,9.0,35.60500000000002,0,0
other,a,li,0,0,8,,,18,2,0,0,0,18.0,35.60500000000002,1,0
other,li,ul,1,134,7,alt-even,,7,1,0,0,0,3.5,121.22000000000003,0,0
other,a,li,0,0,8,,,7,1,0,0,0,7.0,121.22000000000003,1,0
other,li,ul,1,134,7,alt-odd,,23,5,0,0,0,11.5,34.59000000000003,0,0
other,a,li,0,0,8,,,23,5,0,0,0,23.0,34.59000000000003,1,0
other,li,ul,1,134,7,alt-even,,37,5,0,0,0,18.5,12.425000000000011,0,0
other,a,li,0,0,8,,,37,5,0,0,0,37.0,12.425000000000011,1,0
other,li,ul,1,134,7,alt-odd,,7,1,0,0,0,3.5,-47.97999999999996,0,0
other,a,li,0,0,8,,,7,1,0,0,0,7.0,-47.97999999999996,1,0
other,li,ul,1,134,7,alt-even,,8,1,0,0,0,4.0,121.22000000000003,0,0
other,a,li,0,0,8,,,8,1,0,0,0,8.0,121.22000000000003,1,0
other,li,ul,1,134,7,alt-odd,,7,1,0,0,0,3.5,36.62000000000003,0,0
other,a,li,0,0,8,,,7,1,0,0,0,7.0,36.62000000000003,1,0
other,li,ul,1,134,7,alt-even,,7,1,0,0,0,3.5,36.62000000000003,0,0
other,a,li,0,0,8,,,7,1,0,0,0,7.0,36.62000000000003,1,0
other,li,ul,1,134,7,alt-odd,,19,3,0,0,0,9.5,35.60500000000002,0,0
other,a,li,0,0,8,,,19,3,0,0,0,19.0,35.60500000000002,1,0
other,li,ul,1,134,7,alt-even,,7,1,0,0,0,3.5,36.62000000000003,0,0
other,a,li,0,0,8,,,7,1,0,0,0,7.0,36.62000000000003,1,0
other,li,ul,1,134,7,alt-odd,,9,1,0,0,0,4.5,-47.97999999999996,0,0
other,a,li,0,0,8,,,9,1,0,0,0,9.0,-47.97999999999996,1,0
other,li,ul,1,134,7,alt-even,,4,1,0,0,0,2.0,36.62000000000003,0,0
other,a,li,0,0,8,,,4,1,0,0,0,4.0,36.62000000000003,1,0
other,li,ul,1,134,7,alt-odd,,9,1,0,0,0,4.5,121.22000000000003,0,0
other,a,li,0,0,8,,,9,1,0,0,0,9.0,121.22000000000003,1,0
other,li,ul,1,134,7,alt-even,,9,1,0,0,0,4.5,121.22000000000003,0,0
other,a,li,0,0,8,,,9,1,0,0,0,9.0,121.22000000000003,1,0
other,li,ul,1,134,7,alt-odd,,17,3,0,0,0,8.5,77.90500000000002,0,0
other,a,li,0,0,8,,,17,3,0,0,0,17.0,77.90500000000002,1,0
other,li,ul,1,134,7,alt-even,,11,1,0,0,0,5.5,-47.97999999999996,0,0
other,a,li,0,0,8,,,11,1,0,0,0,11.0,-47.97999999999996,1,0
other,li,ul,1,134,7,alt-odd,,8,1,0,0,0,4.0,121.22000000000003,0,0
other,a,li,0,0,8,,,8,1,0,0,0,8.0,121.22000000000003,1,0
other,li,ul,1,134,7,alt-even,,16,3,0,0,0,8.0,77.90500000000002,0,0
other,a,li,0,0,8,,,16,3,0,0,0,16.0,77.90500000000002,1,0
other,li,ul,1,134,7,alt-odd,,11,1,0,0,0,5.5,36.62000000000003,0,0
other,a,li,0,0,8,,,11,1,0,0,0,11.0,36.62000000000003,1,0
other,li,ul,1,134,7,alt-even,,10,1,0,0,0,5.0,-47.97999999999996,0,0
other,a,li,0,0,8,,,10,1,0,0,0,10.0,-47.97999999999996,1,0
other,li,ul,1,134,7,alt-odd,,34,4,0,0,0,17.0,-21.809999999999945,0,0
other,a,li,0,0,8,,,34,4,0,0,0,34.0,-21.809999999999945,1,0
other,li,ul,1,134,7,alt-even,,9,1,0,0,0,4.5,-47.97999999999996,0,0
other,a,li,0,0,8,,,9,1,0,0,0,9.0,-47.97999999999996,1,0
other,li,ul,1,134,7,alt-odd,,9,1,0,0,0,4.5,121.22000000000003,0,0
other,a,li,0,0,8,,,9,1,0,0,0,9.0,121.22000000000003,1,0
other,li,ul,1,134,7,alt-even,,8,1,0,0,0,4.0,-47.97999999999996,0,0
other,a,li,0,0,8,,,8,1,0,0,0,8.0,-47.97999999999996,1,0
other,li,ul,1,134,7,alt-odd,,17,4,0,0,0,8.5,62.79000000000002,0,0
other,a,li,0,0,8,,,17,4,0,0,0,17.0,62.79000000000002,1,0
other,li,ul,1,134,7,alt-even,,9,1,0,0,0,4.5,36.62000000000003,0,0
other,a,li,0,0,8,,,9,1,0,0,0,9.0,36.62000000000003,1,0
other,li,ul,1,134,7,alt-odd,,5,1,0,0,0,2.5,121.22000000000003,0,0
other,a,li,0,0,8,,,5,1,0,0,0,5.0,121.22000000000003,1,0
other,li,ul,1,134,7,alt-even,,19,3,0,0,0,9.5,77.90500000000002,0,0
other,a,li,0,0,8,,,19,3,0,0,0,19.0,77.90500000000002,1,0
other,li,ul,1,134,7,alt-odd,,5,1,0,0,0,2.5,36.62000000000003,0,0
other,a,li,0,0,8,,,5,1,0,0,0,5.0,36.62000000000003,1,0
other,li,ul,1,134,7,alt-even,,7,1,0,0,0,3.5,36.62000000000003,0,0
other,a,li,0,0,8,,,7,1,0,0,0,7.0,36.62000000000003,1,0
other,li,ul,1,134,7,alt-odd,,5,1,0,0,0,2.5,36.62000000000003,0,0
other,a,li,0,0,8,,,5,1,0,0,0,5.0,36.62000000000003,1,0
other,li,ul,1,134,7,alt-even,,5,1,0,0,0,2.5,36.62000000000003,0,0
other,a,li,0,0,8,,,5,1,0,0,0,5.0,36.62000000000003,1,0
other,li,ul,1,134,7,alt-odd,,8,1,0,0,0,4.0,36.62000000000003,0,0
other,a,li,0,0,8,,,8,1,0,0,0,8.0,36.62000000000003,1,0
other,li,ul,1,134,7,alt-even,,6,1,0,0,0,3.0,121.22000000000003,0,0
other,a,li,0,0,8,,,6,1,0,0,0,6.0,121.22000000000003,1,0
other,li,ul,1,134,7,alt-odd,,9,1,0,0,0,4.5,121.22000000000003,0,0
other,a,li,0,0,8,,,9,1,0,0,0,9.0,121.22000000000003,1,0
other,li,ul,1,134,7,alt-even,,8,1,0,0,0,4.0,-217.17999999999998,0,0
other,a,li,0,0,8,,,8,1,0,0,0,8.0,-217.17999999999998,1,0
other,li,ul,1,134,7,alt-odd,,9,1,0,0,0,4.5,121.22000000000003,0,0
other,a,li,0,0,8,,,9,1,0,0,0,9.0,121.22000000000003,1,0
other,li,ul,1,134,7,alt-even,,6,1,0,0,0,3.0,121.22000000000003,0,0
other,a,li,0,0,8,,,6,1,0,0,0,6.0,121.22000000000003,1,0
other,li,ul,1,134,7,alt-odd,,4,1,0,0,0,2.0,121.22000000000003,0,0
other,a,li,0,0,8,,,4,1,0,0,0,4.0,121.22000000000003,1,0
other,li,ul,1,134,7,alt-even,,12,2,0,0,0,6.0,35.60500000000002,0,0
other,a,li,0,0,8,,,12,2,0,0,0,12.0,35.60500000000002,1,0
other,li,ul,1,134,7,alt-odd,,13,3,0,0,0,6.5,120.20500000000001,0,0
other,a,li,0,0,8,,,13,3,0,0,0,13.0,120.20500000000001,1,0
other,li,ul,1,134,7,alt-even,,8,1,0,0,0,4.0,121.22000000000003,0,0
other,a,li,0,0,8,,,8,1,0,0,0,8.0,121.22000000000003,1,0
other,li,ul,1,134,7,alt-odd,,9,1,0,0,0,4.5,36.62000000000003,0,0
other,a,li,0,0,8,,,9,1,0,0,0,9.0,36.62000000000003,1,0
other,li,ul,1,134,7,alt-even,,16,2,0,0,0,8.0,-48.994999999999976,0,0
other,a,li,0,0,8,,,16,2,0,0,0,16.0,-48.994999999999976,1,0
other,li,ul,1,134,7,alt-odd,,29,7,0,0,0,14.5,54.72500000000002,0,0
other,a,li,0,0,8,,,29,7,0,0,0,29.0,54.72500000000002,1,0
other,li,ul,1,134,7,alt-even,,8,1,0,0,0,4.0,36.62000000000003,0,0
other,a,li,0,0,8,,,8,1,0,0,0,8.0,36.62000000000003,1,0
other,li,ul,1,134,7,alt-odd,,14,2,0,0,0,7.0,77.90500000000002,0,0
other,a,li,0,0,8,,,14,2,0,0,0,14.0,77.90500000000002,1,0
other,li,ul,1,134,7,alt-even,,29,4,0,0,0,14.5,-21.809999999999945,0,0
other,a,li,0,0,8,,,29,4,0,0,0,29.0,-21.809999999999945,1,0
other,li,ul,1,134,7,alt-odd,,10,1,0,0,0,5.0,121.22000000000003,0,0
other,a,li,0,0,8,,,10,1,0,0,0,10.0,121.22000000000003,1,0
other,li,ul,1,134,7,alt-even,,6,1,0,0,0,3.0,121.22000000000003,0,0
other,a,li,0,0,8,,,6,1,0,0,0,6.0,121.22000000000003,1,0
other,li,ul,1,134,7,alt-odd,,23,3,0,0,0,11.5,77.90500000000002,0,0
other,a,li,0,0,8,,,23,3,0,0,0,23.0,77.90500000000002,1,0
other,li,ul,1,134,7,alt-even,,15,3,0,0,0,7.5,35.60500000000002,0,0
other,a,li,0,0,8,,,15,3,0,0,0,15.0,35.60500000000002,1,0
other,li,ul,1,134,7,alt-odd,,4,1,0,0,0,2.0,121.22000000000003,0,0
other,a,li,0,0,8,,,4,1,0,0,0,4.0,121.22000000000003,1,0
other,li,ul,1,134,7,alt-even,,8,1,0,0,0,4.0,36.62000000000003,0,0
other,a,li,0,0,8,,,8,1,0,0,0,8.0,36.62000000000003,1,0
other,li,ul,1,134,7,alt-odd,,8,1,0,0,0,4.0,121.22000000000003,0,0
other,a,li,0,0,8,,,8,1,0,0,0,8.0,121.22000000000003,1,0
other,li,ul,1,134,7,alt-even,,4,1,0,0,0,2.0,36.62000000000003,0,0
other,a,li,0,0,8,,,4,1,0,0,0,4.0,36.62000000000003,1,0
other,li,ul,1,134,7,alt-odd,,11,1,0,0,0,5.5,36.62000000000003,0,0
other,a,li,0,0,8,,,11,1,0,0,0,11.0,36.62000000000003,1,0
other,li,ul,1,134,7,alt-even,,22,3,0,0,0,11.0,-48.994999999999976,0,0
other,a,li,0,0,8,,,22,3,0,0,0,22.0,-48.994999999999976,1,0
other,li,ul,1,134,7,alt-odd,,25,5,0,0,0,12.5,34.59000000000003,0,0
other,a,li,0,0,8,,,25,5,0,0,0,25.0,34.59000000000003,1,0
other,li,ul,1,134,7,alt-even,,15,3,0,0,0,7.5,77.90500000000002,0,0
other,a,li,0,0,8,,,15,3,0,0,0,15.0,77.90500000000002,1,0
other,li,ul,1,134,7,alt-odd,,27,5,0,0,0,13.5,90.99000000000004,0,0
other,a,li,0,0,8,,,27,5,0,0,0,27.0,90.99000000000004,1,0
other,li,ul,1,134,7,alt-even,,45,7,0,0,0,22.5,-51.02499999999998,0,0
other,a,li,0,0,8,,,45,7,0,0,0,45.0,-51.02499999999998,1,0
other,li,ul,1,134,7,alt-odd,,11,1,0,0,0,5.5,36.62000000000003,0,0
other,a,li,0,0,8,,,11,1,0,0,0,11.0,36.62000000000003,1,0
other,li,ul,1,134,7,alt-even,,21,3,0,0,0,10.5,77.90500000000002,0,0
other,a,li,0,0,8,,,21,3,0,0,0,21.0,77.90500000000002,1,0
other,li,ul,1,134,7,alt-odd,,4,1,0,0,0,2.0,36.62000000000003,0,0
other,a,li,0,0,8,,,4,1,0,0,0,4.0,36.62000000000003,1,0
other,li,ul,1,134,7,alt-even,,10,1,0,0,0,5.0,-132.57999999999996,0,0
other,a,li,0,0,8,,,10,1,0,0,0,10.0,-132.57999999999996,1,0
other,li,ul,1,134,7,alt-odd,,7,1,0,0,0,3.5,36.62000000000003,0,0
other,a,li,0,0,8,,,7,1,0,0,0,7.0,36.62000000000003,1,0
other,li,ul,1,134,7,alt-even,,30,5,0,0,0,15.0,34.59000000000003,0,0
other,a,li,0,0,8,,,30,5,0,0,0,30.0,34.59000000000003,1,0
other,li,ul,1,134,7,alt-odd,,6,1,0,0,0,3.0,121.22000000000003,0,0
other,a,li,0,0,8,,,6,1,0,0,0,6.0,121.22000000000003,1,0
other,li,ul,1,134,7,alt-even,,16,3,0,0,0,8.0,-6.694999999999993,0,0
other,a,li,0,0,8,,,16,3,0,0,0,16.0,-6.694999999999993,1,0
other,li,ul,1,134,7,alt-odd,,7,1,0,0,0,3.5,36.62000000000003,0,0
other,a,li,0,0,8,,,7,1,0,0,0,7.0,36.62000000000003,1,0
other,li,ul,1,134,7,alt-even,,8,1,0,0,0,4.0,-47.97999999999996,0,0
other,a,li,0,0,8,,,8,1,0,0,0,8.0,-47.97999999999996,1,0
other,li,ul,1,134,7,alt-odd,,15,3,0,0,0,7.5,-6.694999999999993,0,0
other,a,li,0,0,8,,,15,3,0,0,0,15.0,-6.694999999999993,1,0
other,li,ul,1,134,7,alt-even,,9,1,0,0,0,4.5,-47.97999999999996,0,0
other,a,li,0,0,8,,,9,1,0,0,0,9.0,-47.97999999999996,1,0
other,li,ul,1,134,7,alt-odd,,5,1,0,0,0,2.5,36.62000000000003,0,0
other,a,li,0,0,8,,,5,1,0,0,0,5.0,36.62000000000003,1,0
other,li,ul,1,134,7,alt-even,,7,1,0,0,0,3.5,36.62000000000003,0,0
other,a,li,0,0,8,,,7,1,0,0,0,7.0,36.62000000000003,1,0
other,li,ul,1,134,7,alt-odd,,13,2,0,0,0,6.5,77.90500000000002,0,0
other,a,li,0,0,8,,,13,2,0,0,0,13.0,77.90500000000002,1,0
other,li,ul,1,134,7,alt-even,,10,1,0,0,0,5.0,-132.57999999999996,0,0
other,a,li,0,0,8,,,10,1,0,0,0,10.0,-132.57999999999996,1,0
other,li,ul,1,134,7,alt-odd,,11,1,0,0,0,5.5,-47.97999999999996,0,0
other,a,li,0,0,8,,,11,1,0,0,0,11.0,-47.97999999999996,1,0
other,li,ul,1,134,7,alt-even,,22,3,0,0,0,11.0,120.20500000000001,0,0
other,a,li,0,0,8,,,22,3,0,0,0,22.0,120.20500000000001,1,0
other,li,ul,1,134,7,alt-odd,,13,2,0,0,0,6.5,77.90500000000002,0,0
other,a,li,0,0,8,,,13,2,0,0,0,13.0,77.90500000000002,1,0
other,li,ul,1,134,7,alt-even,,14,2,0,0,0,7.0,77.90500000000002,0,0
other,a,li,0,0,8,,,14,2,0,0,0,14.0,77.90500000000002,1,0
other,li,ul,1,134,7,alt-odd,,11,1,0,0,0,5.5,-47.97999999999996,0,0
other,a,li,0,0,8,,,11,1,0,0,0,11.0,-47.97999999999996,1,0
other,li,ul,1,134,7,alt-even,,21,3,0,0,0,10.5,-6.694999999999993,0,0
other,a,li,0,0,8,,,21,3,0,0,0,21.0,-6.694999999999993,1,0
other,li,ul,1,134,7,alt-odd,,7,1,0,0,0,3.5,36.62000000000003,0,0
other,a,li,0,0,8,,,7,1,0,0,0,7.0,36.62000000000003,1,0
other,li,ul,1,134,7,alt-even,,7,1,0,0,0,3.5,36.62000000000003,0,0
other,a,li,0,0,8,,,7,1,0,0,0,7.0,36.62000000000003,1,0
other,li,ul,1,134,7,alt-odd,,9,1,0,0,0,4.5,-47.97999999999996,0,0
other,a,li,0,0,8,,,9,1,0,0,0,9.0,-47.97999999999996,1,0
other,li,ul,1,134,7,alt-even,,5,1,0,0,0,2.5,121.22000000000003,0,0
other,a,li,0,0,8,,,5,1,0,0,0,5.0,121.22000000000003,1,0
other,li,ul,1,134,7,alt-odd,,6,1,0,0,0,3.0,36.62000000000003,0,0
other,a,li,0,0,8,,,6,1,0,0,0,6.0,36.62000000000003,1,0
other,li,ul,1,134,7,alt-even,,16,3,0,0,0,8.0,-6.694999999999993,0,0
other,a,li,0,0,8,,,16,3,0,0,0,16.0,-6.694999999999993,1,0
other,li,ul,1,134,7,alt-odd,,9,1,0,0,0,4.5,36.62000000000003,0,0
other,a,li,0,0,8,,,9,1,0,0,0,9.0,36.62000000000003,1,0
other,li,ul,1,134,7,alt-even,,17,3,0,0,0,8.5,35.60500000000002,0,0
other,a,li,0,0,8,,,17,3,0,0,0,17.0,35.60500000000002,1,0
other,li,ul,1,134,7,alt-odd,,11,1,0,0,0,5.5,-47.97999999999996,0,0
other,a,li,0,0,8,,,11,1,0,0,0,11.0,-47.97999999999996,1,0
other,li,ul,1,134,7,alt-even,,8,1,0,0,0,4.0,36.62000000000003,0,0
other,a,li,0,0,8,,,8,1,0,0,0,8.0,36.62000000000003,1,0
other,li,ul,1,134,7,alt-odd,,9,1,0,0,0,4.5,36.62000000000003,0,0
other,a,li,0,0,8,,,9,1,0,0,0,9.0,36.62000000000003,1,0
other,li,ul,1,134,7,alt-even,,34,5,0,0,0,17.0,-21.809999999999945,0,0
other,a,li,0,0,8,,,34,5,0,0,0,34.0,-21.809999999999945,1,0
other,li,ul,1,134,7,alt-odd,,10,1,0,0,0,5.0,-132.57999999999996,0,0
other,a,li,0,0,8,,,10,1,0,0,0,10.0,-132.57999999999996,1,0
other,li,ul,1,134,7,alt-even,,16,2,0,0,0,8.0,77.90500000000002,0,0
other,a,li,0,0,8,,,16,2,0,0,0,16.0,77.90500000000002,1,0
other,li,ul,1,134,7,alt-odd,,11,3,0,0,0,5.5,120.20500000000001,0,0
other,a,li,0,0,8,,,11,3,0,0,0,11.0,120.20500000000001,1,0
other,li,ul,1,134,7,alt-even,,8,1,0,0,0,4.0,121.22000000000003,0,0
other,a,li,0,0,8,,,8,1,0,0,0,8.0,121.22000000000003,1,0
other,li,ul,1,134,7,alt-odd,,9,1,0,0,0,4.5,36.62000000000003,0,0
other,a,li,0,0,8,,,9,1,0,0,0,9.0,36.62000000000003,1,0
other,li,ul,1,134,7,alt-even,,20,3,0,0,0,10.0,-6.694999999999993,0,0
other,a,li,0,0,8,,,20,3,0,0,0,20.0,-6.694999999999993,1,0
other,li,ul,1,134,7,alt-odd,,8,1,0,0,0,4.0,-47.97999999999996,0,0
other,a,li,0,0,8,,,8,1,0,0,0,8.0,-47.97999999999996,1,0
other,li,ul,1,134,7,alt-even,,20,3,0,0,0,10.0,-6.694999999999993,0,0
other,a,li,0,0,8,,,20,3,0,0,0,20.0,-6.694999999999993,1,0
other,li,ul,1,134,7,alt-odd,,15,3,0,0,0,7.5,35.60500000000002,0,0
other,a,li,0,0,8,,,15,3,0,0,0,15.0,35.60500000000002,1,0
other,li,ul,1,134,7,alt-even,,21,3,0,0,0,10.5,-48.994999999999976,0,0
other,a,li,0,0,8,,,21,3,0,0,0,21.0,-48.994999999999976,1,0
other,li,ul,1,134,7,alt-odd,,8,1,0,0,0,4.0,121.22000000000003,0,0
other,a,li,0,0,8,,,8,1,0,0,0,8.0,121.22000000000003,1,0
other,li,ul,1,134,7,alt-even,,6,1,0,0,0,3.0,121.22000000000003,0,0
other,a,li,0,0,8,,,6,1,0,0,0,6.0,121.22000000000003,1,0
other,li,ul,1,134,7,alt-odd,,7,1,0,0,0,3.5,36.62000000000003,0,0
other,a,li,0,0,8,,,7,1,0,0,0,7.0,36.62000000000003,1,0
other,li,ul,1,134,7,alt-even,,9,1,0,0,0,4.5,121.22000000000003,0,0
other,a,li,0,0,8,,,9,1,0,0,0,9.0,121.22000000000003,1,0
other,li,ul,1,134,7,alt-odd,,21,3,0,0,0,10.5,35.60500000000002,0,0
other,a,li,0,0,8,,,21,3,0,0,0,21.0,35.60500000000002,1,0
other,li,ul,1,134,7,alt-even,,17,2,0,0,0,8.5,-48.994999999999976,0,0
other,a,li,0,0,8,,,17,2,0,0,0,17.0,-48.994999999999976,1,0
other,li,ul,1,134,7,alt-odd,,4,1,0,0,0,2.0,121.22000000000003,0,0
other,a,li,0,0,8,,,4,1,0,0,0,4.0,121.22000000000003,1,0
other,li,ul,1,134,7,alt-even,,16,3,0,0,0,8.0,35.60500000000002,0,0
other,a,li,0,0,8,,,16,3,0,0,0,16.0,35.60500000000002,1,0
other,li,ul,1,134,7,alt-odd,,7,1,0,0,0,3.5,121.22000000000003,0,0
other,a,li,0,0,8,,,7,1,0,0,0,7.0,121.22000000000003,1,0
other,div,div,8,6,4,sidebar,rightbar,452,51,66,0,0,17.384615384615383,26.639500000000027,0,0
other,div,div,2,7,5,,cart-box,32,6,2,0,0,4.571428571428571,87.94500000000002,0,0
other,h1,div,0,1,6,,,5,1,0,0,0,5.0,121.22000000000003,0,0
other,div,div,1,1,6,left-box,,18,5,2,0,0,3.6,83.32000000000004,0,0
other,p,div,3,0,7,,,18,5,2,0,0,4.5,83.32000000000004,0,0
other,span,p,0,2,8,,cart-num,1,1,1,0,0,1.0,121.22000000000003,0,0
other,span,p,0,2,8,,cart-price,1,1,1,0,0,1.0,121.22000000000003,0,0
other,a,p,0,2,8,ibtn,,8,1,0,0,0,8.0,-47.97999999999996,1,0
other,h1,div,0,7,5,,,9,1,0,0,0,9.0,-132.57999999999996,0,0
other,div,div,0,7,5,left-box,,199,24,32,0,0,199.0,13.275000000000034,0,0
other,h1,div,0,7,5,,,15,2,0,0,0,15.0,-48.994999999999976,0,0
other,div,div,1,7,5,left-box,contacts,115,16,32,0,0,12.777777777777779,50.610000000000014,0,0
other,p,div,7,0,6,,,115,16,32,0,0,14.375,50.610000000000014,0,0
other,h1,div,0,7,5,,,9,1,0,0,0,9.0,-47.97999999999996,0,0
other,div,div,1,7,5,left-box,,18,1,0,0,0,4.5,-217.17999999999998,0,0
other,ul,div,1,0,6,sidemenu,,18,1,0,0,0,6.0,-217.17999999999998,0,0
other,li,ul,1,0,7,,,18,1,0,0,0,9.0,-217.17999999999998,0,0
other,a,li,0,0,8,,,18,1,0,0,0,18.0,-217.17999999999998,1,0
other,div,div,3,6,4,,list-view,5822,798,221,0,0,7.62041884816754,67.55932806324111,0,0
other,ul,div,5,2,5,menu,,49,5,0,0,0,3.2666666666666666,49.48000000000002,0,0
other,li,ul,1,4,6,,,8,1,0,0,0,2.6666666666666665,121.22000000000003,0,0
other,a,li,1,0,7,active,,8,1,0,0,0,4.0,121.22000000000003,1,0
other,span,a,0,0,8,,,8,1,0,0,0,8.0,121.22000000000003,0,0
other,li,ul,1,4,6,,,7,1,0,0,0,2.3333333333333335,-47.97999999999996,0,0
other,a,li,1,0,7,,,7,1,0,0,0,3.5,-47.97999999999996,1,0
other,span,a,0,0,8,,,7,1,0,0,0,7.0,-47.97999999999996,0,0
other,li,ul,1,4,6,menu-ord,,7,1,0,0,0,2.3333333333333335,36.62000000000003,0,0
other,a,li,1,0,7,,,7,1,0,0,0,3.5,36.62000000000003,1,0
other,span,a,0,0,8,,,7,1,0,0,0,7.0,36.62000000000003,0,0
other,li,ul,1,4,6,menu-ord,,10,1,0,0,0,3.3333333333333335,36.62000000000003,0,0
other,a,li,1,0,7,active,,10,1,0,0,0,5.0,36.62000000000003,1,0
other,span,a,0,0,8,,,10,1,0,0,0,10.0,36.62000000000003,0,0
other,li,ul,1,4,6,,,7,1,0,0,0,3.5,121.22000000000003,0,0
other,span,li,0,0,7,lbl,,7,1,0,0,0,7.0,121.22000000000003,0,0
other,div,div,24,2,5,,content,5768,793,221,0,0,7.721552878179384,67.8656969309463,0,0
other,h1,div,0,23,6,,,18,2,0,0,0,18.0,35.60500000000002,0,0
other,ul,div,10,23,6,pager,,33,11,11,0,0,1.65,112.08500000000001,0,0
other,b,ul,0,9,7,,,1,1,1,0,0,1.0,121.22000000000003,0,0
other,li,ul,1,9,7,,,1,1,1,0,0,0.5,121.22000000000003,0,0
other,a,li,0,0,8,,,1,1,1,0,0,1.0,121.22000000000003,1,0
other,li,ul,1,9,7,,,1,1,1,0,0,0.5,121.22000000000003,0,0
other,a,li,0,0,8,,,1,1,1,0,0,1.0,121.22000000000003,1,0
other,li,ul,1,9,7,,,1,1,1,0,0,0.5,121.22000000000003,0,0
other,a,li,0,0,8,,,1,1,1,0,0,1.0,121.22000000000003,1,0
other,li,ul,1,9,7,,,1,1,1,0,0,0.5,121.22000000000003,0,0
other,a,li,0,0,8,,,1,1,1,0,0,1.0,121.22000000000003,1,0
other,li,ul,1,9,7,,,1,1,1,0,0,0.5,121.22000000000003,0,0
other,a,li,0,0,8,,,1,1,1,0,0,1.0,121.22000000000003,1,0
other,li,ul,1,9,7,,,1,1,1,0,0,0.5,121.22000000000003,0,0
other,a,li,0,0,8,,,1,1,1,0,0,1.0,121.22000000000003,1,0
other,li,ul,1,9,7,,,1,1,1,0,0,0.5,121.22000000000003,0,0
other,a,li,0,0,8,,,1,1,1,0,0,1.0,121.22000000000003,1,0
other,li,ul,1,9,7,,,3,1,3,0,0,1.5,121.22000000000003,0,0
other,a,li,0,0,8,,,3,1,3,0,0,3.0,121.22000000000003,1,0
other,li,ul,1,9,7,,,7,1,0,0,0,3.5,121.22000000000003,0,0
other,a,li,0,0,8,,,7,1,0,0,0,7.0,121.22000000000003,1,0
other,div,div,4,23,6,para grow alt-odd,p1089855,249,38,8,0,0,6.916666666666667,61.35455882352943,0,0
other,div,div,1,3,7,crt,,0,0,0,0,0,0.0,0.0,0,0
other,a,div,1,0,8,,,0,0,0,0,0,0.0,0.0,1,0
other,img,a,0,0,9,crt1,c1089855,0,0,0,0,0,0.0,0.0,0,1
other,h3,div,1,3,7,,,16,3,0,0,0,8.0,90.99000000000004,0,0
other,div,div,8,3,7,para-flds,,229,35,8,0,0,7.896551724137931,57.166021505376335,0,0
other,div,div,2,7,8,para-title,,23,4,0,0,0,7.666666666666667,97.025,0,0
other,strong,div,0,1,9,,,6,1,0,0,0,6.0,121.22000000000003,0,0
other,span,div,0,1,9,,,16,3,0,0,0,16.0,90.99000000000004,0,0
other,div,div,2,7,8,para-au,,18,3,0,0,0,4.5,90.99000000000004,0,0
other,strong,div,0,1,9,,,6,1,0,0,0,6.0,36.62000000000003,0,0
other,span,div,1,1,9,,,11,2,0,0,0,5.5,120.20500000000001,0,0
other,a,span,0,0,10,,,11,2,0,0,0,11.0,120.20500000000001,1,0
other,div,div,2,7,8,para-ill,,28,3,0,0,0,7.0,6.390000000000015,0,0
other,strong,div,0,1,9,,,11,1,0,0,0,11.0,-47.97999999999996,0,0
other,span,div,1,1,9,,,16,2,0,0,0,8.0,35.60500000000002,0,0
other,a,span,0,0,10,,,16,2,0,0,0,16.0,35.60500000000002,1,0
other,div,div,2,7,8,para-issued,,16,3,4,0,0,5.333333333333333,90.99000000000004,0,0
other,strong,div,0,1,9,,,11,2,0,0,0,11.0,77.90500000000002,0,0
other,span,div,0,1,9,,,4,1,4,0,0,4.0,121.22000000000003,0,0
other,div,div,2,7,8,para-pg,,18,4,2,0,0,6.0,118.17500000000001,0,0
other,strong,div,0,1,9,,,12,2,0,0,0,12.0,120.20500000000001,0,0
other,span,div,0,1,9,,,5,2,2,0,0,5.0,120.20500000000001,0,0
other,div,div,2,7,8,para-cat,,75,12,0,0,0,15.0,-12.784999999999997,0,0
other,strong,div,0,1,9,,,10,1,0,0,0,10.0,-47.97999999999996,0,0
other,span,div,2,1,9,,,64,11,0,0,0,21.333333333333332,-5.727142857142809,0,0
other,a,span,0,1,10,,,45,7,0,0,0,45.0,-51.02499999999998,1,0
other,a,span,0,1,10,,,17,4,0,0,0,17.0,62.79000000000002,1,0
other,div,div,2,7,8,para-state,,19,3,0,0,0,6.333333333333333,119.19000000000003,0,0
other,strong,div,0,1,9,,,5,1,0,0,0,5.0,121.22000000000003,0,0
other,span,div,0,1,9,,,13,2,0,0,0,13.0,120.20500000000001,0,0
other,div,div,2,7,8,para-price,,11,3,2,0,0,3.6666666666666665,90.99000000000004,0,0
other,strong,div,0,1,9,,,5,1,0,0,0,5.0,36.62000000000003,0,0
other,div,div,4,23,6,para grow alt-even,p1089854,178,27,8,0,0,6.137931034482759,68.51525000000001,0,0
other,div,div,1,3,7,crt,,0,0,0,0,0,0.0,0.0,0,0
other,a,div,1,0,8,,,0,0,0,0,0,0.0,0.0,1,0
other,img,a,0,0,9,crt1,c1089854,0,0,0,0,0,0.0,0.0,0,1
other,h3,div,1,3,7,,,22,3,0,0,0,11.0,62.79000000000002,0,0
other,a,div,1,3,7,,,0,0,0,0,0,0.0,0.0,1,0
other,div,div,6,3,7,para-flds,,152,24,8,0,0,7.238095238095238,68.64621212121216,0,0
other,div,div,2,5,8,para-title,,29,4,0,0,0,9.666666666666666,75.87500000000001,0,0
other,strong,div,0,1,9,,,6,1,0,0,0,6.0,121.22000000000003,0,0
other,span,div,0,1,9,,,22,3,0,0,0,22.0,62.79000000000002,0,0
other,div,div,2,5,8,para-issued,,16,3,4,0,0,5.333333333333333,90.99000000000004,0,0
other,strong,div,0,1,9,,,11,2,0,0,0,11.0,77.90500000000002,0,0
other,span,div,0,1,9,,,4,1,4,0,0,4.0,121.22000000000003,0,0
other,div,div,2,5,8,para-pg,,18,4,2,0,0,6.0,118.17500000000001,0,0
other,strong,div,0,1,9,,,12,2,0,0,0,12.0,120.20500000000001,0,0
other,span,div,0,1,9,,,5,2,2,0,0,5.0,120.20500000000001,0,0
other,div,div,2,5,8,para-cat,,46,7,0,0,0,9.2,-18.19999999999996,0,0
other,strong,div,0,1,9,,,10,1,0,0,0,10.0,-47.97999999999996,0,0
other,span,div,2,1,9,,,35,6,0,0,0,11.666666666666666,-8.724999999999994,0,0
other,a,span,0,1,10,,,23,5,0,0,0,23.0,34.59000000000003,1,0
other,a,span,0,1,10,,,10,1,0,0,0,10.0,-132.57999999999996,1,0
other,div,div,2,5,8,para-state,,17,3,0,0,0,5.666666666666667,119.19000000000003,0,0
other,strong,div,0,1,9,,,5,1,0,0,0,5.0,121.22000000000003,0,0
other,span,div,0,1,9,,,11,2,0,0,0,11.0,120.20500000000001,0,0
other,div,div,2,5,8,para-price,,11,3,2,0,0,3.6666666666666665,90.99000000000004,0,0
other,strong,div,0,1,9,,,5,1,0,0,0,5.0,36.62000000000003,0,0
other,div,div,4,23,6,para grow alt-odd,p1089853,261,41,11,0,0,7.457142857142857,78.89994736842107,0,0
other,div,div,1,3,7,crt,,0,0,0,0,0,0.0,0.0,0,0
other,a,div,1,0,8,,,0,0,0,0,0,0.0,0.0,1,0
other,img,a,0,0,9,crt1,c1089853,0,0,0,0,0,0.0,0.0,0,1
other,h3,div,1,3,7,,,18,4,0,0,0,9.0,97.025,0,0
other,a,div,1,3,7,,,0,0,0,0,0,0.0,0.0,1,0
other,div,div,7,3,7,para-flds,,239,37,11,0,0,8.851851851851851,76.28397058823532,0,0
other,div,div,2,6,8,para-title,,25,5,0,0,0,8.333333333333334,100.24000000000002,0,0
other,strong,div,0,1,9,,,6,1,0,0,0,6.0,121.22000000000003,0,0
other,span,div,0,1,9,,,18,4,0,0,0,18.0,97.025,0,0
other,div,div,2,6,8,para-au,,52,7,0,0,0,8.666666666666666,30.53000000000003,0,0
other,strong,div,0,1,9,,,6,1,0,0,0,6.0,36.62000000000003,0,0
other,span,div,3,1,9,,,45,6,0,0,0,11.25,31.545000000000016,0,0
other,a,span,0,2,10,,,14,2,0,0,0,14.0,77.90500000000002,1,0
other,a,span,0,2,10,,,18,2,0,0,0,18.0,-6.694999999999993,1,0
other,a,span,0,2,10,,,9,2,0,0,0,9.0,35.60500000000002,1,0
other,div,div,2,6,8,para-issued,,16,3,4,0,0,5.333333333333333,90.99000000000004,0,0
other,strong,div,0,1,9,,,11,2,0,0,0,11.0,77.90500000000002,0,0
other,span,div,0,1,9,,,4,1,4,0,0,4.0,121.22000000000003,0,0
other,div,div,2,6,8,para-pg,,18,4,2,0,0,6.0,118.17500000000001,0,0
other,strong,div,0,1,9,,,12,2,0,0,0,12.0,120.20500000000001,0,0
other,span,div,0,1,9,,,5,2,2,0,0,5.0,120.20500000000001,0,0
other,div,div,2,6,8,para-series,,51,8,3,0,0,17.0,90.95857142857145,0,0
other,strong,div,0,1,9,,,13,2,0,0,0,13.0,120.20500000000001,0,0
other,span,div,0,1,9,,,37,6,3,0,0,37.0,83.32000000000004,0,0
other,div,div,2,6,8,para-cat,,48,7,0,0,0,9.6,66.40000000000003,0,0
other,strong,div,0,1,9,,,10,1,0,0,0,10.0,-47.97999999999996,0,0
other,span,div,2,1,9,,,37,6,0,0,0,12.333333333333334,97.025,0,0
other,a,span,0,1,10,,,8,1,0,0,0,8.0,121.22000000000003,1,0
other,a,span,0,1,10,,,27,5,0,0,0,27.0,90.99000000000004,1,0
other,div,div,2,6,8,para-price,,11,3,2,0,0,3.6666666666666665,90.99000000000004,0,0
other,strong,div,0,1,9,,,5,1,0,0,0,5.0,36.62000000000003,0,0
other,div,div,4,23,6,para grow alt-even,p1089852,304,47,17,0,0,8.0,73.56731884057973,0,0
other,div,div,1,3,7,crt,,0,0,0,0,0,0.0,0.0,0,0
other,a,div,1,0,8,,,0,0,0,0,0,0.0,0.0,1,0
other,img,a,0,0,9,crt1,c1089852,0,0,0,0,0,0.0,0.0,0,1
other,h3,div,1,3,7,,,45,9,4,0,0,22.5,98.8675,0,0
other,a,div,1,3,7,,,0,0,0,0,0,0.0,0.0,1,0
other,div,div,8,3,7,para-flds,,255,38,13,0,0,8.5,66.87371621621622,0,0
other,div,div,2,7,8,para-title,,52,10,4,0,0,17.333333333333332,100.24000000000002,0,0
other,strong,div,0,1,9,,,6,1,0,0,0,6.0,121.22000000000003,0,0
other,span,div,0,1,9,,,45,9,4,0,0,45.0,98.8675,0,0
other,div,div,2,7,8,para-au,,42,6,0,0,0,10.5,45.64500000000001,0,0
other,strong,div,0,1,9,,,6,1,0,0,0,6.0,36.62000000000003,0,0
other,span,div,1,1,9,,,35,5,0,0,0,17.5,49.48000000000002,0,0
other,a,span,0,0,10,,,19,3,0,0,0,19.0,62.79000000000002,1,0
other,div,div,2,7,8,para-ill,,25,3,0,0,0,6.25,62.79000000000002,0,0
other,strong,div,0,1,9,,,11,1,0,0,0,11.0,-47.97999999999996,0,0
other,span,div,1,1,9,,,13,2,0,0,0,6.5,120.20500000000001,0,0
other,a,span,0,0,10,,,13,2,0,0,0,13.0,120.20500000000001,1,0
other,div,div,2,7,8,para-issued,,16,3,4,0,0,5.333333333333333,90.99000000000004,0,0
other,strong,div,0,1,9,,,11,2,0,0,0,11.0,77.90500000000002,0,0
other,span,div,0,1,9,,,4,1,4,0,0,4.0,121.22000000000003,0,0
other,div,div,2,7,8,para-pg,,15,3,2,0,0,5.0,119.19000000000003,0,0
other,strong,div,0,1,9,,,12,2,0,0,0,12.0,120.20500000000001,0,0
other,span,div,0,1,9,,,2,1,2,0,0,2.0,121.22000000000003,0,0
other,div,div,2,7,8,para-cat,,55,7,0,0,0,9.166666666666666,45.64500000000001,0,0
other,strong,div,0,1,9,,,10,1,0,0,0,10.0,-47.97999999999996,0,0
other,span,div,3,1,9,,,44,6,0,0,0,11.0,66.40000000000003,0,0
other,a,span,0,2,10,,,8,1,0,0,0,8.0,121.22000000000003,1,0
other,a,span,0,2,10,,,26,4,0,0,0,26.0,34.59000000000003,1,0
other,a,span,0,2,10,,,6,1,0,0,0,6.0,121.22000000000003,1,0
other,div,div,2,7,8,para-state,,17,3,0,0,0,5.666666666666667,119.19000000000003,0,0
other,strong,div,0,1,9,,,5,1,0,0,0,5.0,121.22000000000003,0,0
other,span,div,0,1,9,,,11,2,0,0,0,11.0,120.20500000000001,0,0
other,div,div,2,7,8,para-price,,12,3,3,0,0,4.0,90.99000000000004,0,0
other,strong,div,0,1,9,,,5,1,0,0,0,5.0,36.62000000000003,0,0
other,div,div,4,23,6,para grow alt-odd,p1089851,204,26,8,0,0,6.181818181818182,49.48400000000001,0,0
other,div,div,1,3,7,crt,,0,0,0,0,0,0.0,0.0,0,0
other,a,div,1,0,8,,,0,0,0,0,0,0.0,0.0,1,0
other,img,a,0,0,9,crt1,c1089851,0,0,0,0,0,0.0,0.0,0,1
other,h3,div,1,3,7,,,21,2,0,0,0,10.5,77.90500000000002,0,0
other,a,div,1,3,7,,,0,0,0,0,0,0.0,0.0,1,0
other,div,div,7,3,7,para-flds,,179,24,8,0,0,7.16,51.07260869565218,0,0
other,div,div,2,6,8,para-title,,28,3,0,0,0,9.333333333333334,90.99000000000004,0,0
other,strong,div,0,1,9,,,6,1,0,0,0,6.0,121.22000000000003,0,0
other,span,div,0,1,9,,,21,2,0,0,0,21.0,77.90500000000002,0,0
other,div,div,2,6,8,para-au,,22,3,0,0,0,7.333333333333333,34.59000000000003,0,0
other,strong,div,0,1,9,,,6,1,0,0,0,6.0,36.62000000000003,0,0
other,span,div,0,1,9,,,15,2,0,0,0,15.0,35.60500000000002,0,0
other,div,div,2,6,8,para-issued,,16,3,4,0,0,5.333333333333333,90.99000000000004,0,0
other,strong,div,0,1,9,,,11,2,0,0,0,11.0,77.90500000000002,0,0
other,span,div,0,1,9,,,4,1,4,0,0,4.0,121.22000000000003,0,0
other,div,div,2,6,8,para-pg,,15,3,2,0,0,5.0,119.19000000000003,0,0
other,strong,div,0,1,9,,,12,2,0,0,0,12.0,120.20500000000001,0,0
other,span,div,0,1,9,,,2,1,2,0,0,2.0,121.22000000000003,0,0
other,div,div,2,6,8,para-cat,,50,6,0,0,0,8.333333333333334,-1.2799999999999727,0,0
other,strong,div,0,1,9,,,10,1,0,0,0,10.0,-47.97999999999996,0,0
other,span,div,3,1,9,,,39,5,0,0,0,9.75,12.425000000000011,0,0
other,a,span,0,2,10,,,6,1,0,0,0,6.0,121.22000000000003,1,0
other,a,span,0,2,10,,,9,1,0,0,0,9.0,-47.97999999999996,1,0
other,a,span,0,2,10,,,20,3,0,0,0,20.0,-6.694999999999993,1,0
other,div,div,2,6,8,para-state,,19,3,0,0,0,6.333333333333333,119.19000000000003,0,0
other,strong,div,0,1,9,,,5,1,0,0,0,5.0,121.22000000000003,0,0
other,span,div,0,1,9,,,13,2,0,0,0,13.0,120.20500000000001,0,0
other,div,div,2,6,8,para-price,,11,3,2,0,0,3.6666666666666665,90.99000000000004,0,0
other,strong,div,0,1,9,,,5,1,0,0,0,5.0,36.62000000000003,0,0
other,div,div,4,23,6,para grow alt-even,p1089850,370,57,11,0,0,11.212121212121213,77.63128571428574,0,0
other,div,div,1,3,7,crt,,0,0,0,0,0,0.0,0.0,0,0
other,a,div,1,0,8,,,0,0,0,0,0,0.0,0.0,1,0
other,img,a,0,0,9,crt1,c1089850,0,0,0,0,0,0.0,0.0,0,1
other,h3,div,1,3,7,,,91,15,1,0,0,45.5,84.9157142857143,0,0
other,div,div,7,3,7,para-flds,,275,42,10,0,0,10.576923076923077,73.78214285714287,0,0
other,div,div,2,6,8,para-title,,120,20,1,0,0,40.0,82.47500000000001,0,0
other,strong,div,0,1,9,,,6,1,0,0,0,6.0,121.22000000000003,0,0
other,span,div,0,1,9,,,113,19,1,0,0,113.0,81.42407894736841,0,0
other,div,div,2,6,8,para-au,,30,4,0,0,0,7.5,12.425000000000011,0,0
other,strong,div,0,1,9,,,6,1,0,0,0,6.0,36.62000000000003,0,0
other,span,div,1,1,9,,,23,3,0,0,0,11.5,6.390000000000015,0,0
other,a,span,0,0,10,,,23,3,0,0,0,23.0,6.390000000000015,1,0
other,div,div,2,6,8,para-issued,,16,3,4,0,0,5.333333333333333,90.99000000000004,0,0
other,strong,div,0,1,9,,,11,2,0,0,0,11.0,77.90500000000002,0,0
other,span,div,0,1,9,,,4,1,4,0,0,4.0,121.22000000000003,0,0
other,div,div,2,6,8,para-pg,,19,4,3,0,0,6.333333333333333,118.17500000000001,0,0
other,strong,div,0,1,9,,,12,2,0,0,0,12.0,120.20500000000001,0,0
other,span,div,0,1,9,,,6,2,3,0,0,6.0,120.20500000000001,0,0
other,div,div,2,6,8,para-cat,,37,4,0,0,0,6.166666666666667,75.87500000000001,0,0
other,strong,div,0,1,9,,,10,1,0,0,0,10.0,-47.97999999999996,0,0
other,span,div,3,1,9,,,26,3,0,0,0,6.5,119.19000000000003,0,0
other,a,span,0,2,10,,,9,1,0,0,0,9.0,121.22000000000003,1,0
other,a,span,0,2,10,,,5,1,0,0,0,5.0,121.22000000000003,1,0
other,a,span,0,2,10,,,8,1,0,0,0,8.0,121.22000000000003,1,0
other,div,div,2,6,8,para-state,,24,4,0,0,0,8.0,97.025,0,0
other,strong,div,0,1,9,,,5,1,0,0,0,5.0,121.22000000000003,0,0
other,span,div,0,1,9,,,18,3,0,0,0,18.0,90.99000000000004,0,0
other,div,div,2,6,8,para-price,,11,3,2,0,0,3.6666666666666665,90.99000000000004,0,0
other,strong,div,0,1,9,,,5,1,0,0,0,5.0,36.62000000000003,0,0
other,div,div,4,23,6,para grow alt-odd,p1089849,367,56,11,0,0,10.794117647058824,74.43875000000001,0,0
other,div,div,1,3,7,crt,,0,0,0,0,0,0.0,0.0,0,0
other,a,div,1,0,8,,,0,0,0,0,0,0.0,0.0,1,0
other,img,a,0,0,9,crt1,c1089849,0,0,0,0,0,0.0,0.0,0,1
other,h3,div,1,3,7,,,91,15,1,0,0,45.5,84.9157142857143,0,0
other,a,div,1,3,7,,,0,0,0,0,0,0.0,0.0,1,0
other,div,div,7,3,7,para-flds,,272,41,10,0,0,10.461538461538462,66.34945121951222,0,0
other,div,div,2,6,8,para-title,,120,20,1,0,0,40.0,82.47500000000001,0,0
other,strong,div,0,1,9,,,6,1,0,0,0,6.0,121.22000000000003,0,0
other,span,div,0,1,9,,,113,19,1,0,0,113.0,81.42407894736841,0,0
other,div,div,2,6,8,para-au,,30,4,0,0,0,7.5,12.425000000000011,0,0
other,strong,div,0,1,9,,,6,1,0,0,0,6.0,36.62000000000003,0,0
other,span,div,1,1,9,,,23,3,0,0,0,11.5,6.390000000000015,0,0
other,a,span,0,0,10,,,23,3,0,0,0,23.0,6.390000000000015,1,0
other,div,div,2,6,8,para-issued,,16,3,4,0,0,5.333333333333333,90.99000000000004,0,0
other,strong,div,0,1,9,,,11,2,0,0,0,11.0,77.90500000000002,0,0
other,span,div,0,1,9,,,4,1,4,0,0,4.0,121.22000000000003,0,0
other,div,div,2,6,8,para-pg,,16,3,3,0,0,5.333333333333333,119.19000000000003,0,0
other,strong,div,0,1,9,,,12,2,0,0,0,12.0,120.20500000000001,0,0
other,span,div,0,1,9,,,3,1,3,0,0,3.0,121.22000000000003,0,0
other,div,div,2,6,8,para-cat,,37,4,0,0,0,6.166666666666667,75.87500000000001,0,0
other,strong,div,0,1,9,,,10,1,0,0,0,10.0,-47.97999999999996,0,0
other,span,div,3,1,9,,,26,3,0,0,0,6.5,119.19000000000003,0,0
other,a,span,0,2,10,,,9,1,0,0,0,9.0,121.22000000000003,1,0
other,a,span,0,2,10,,,5,1,0,0,0,5.0,121.22000000000003,1,0
other,a,span,0,2,10,,,8,1,0,0,0,8.0,121.22000000000003,1,0
other,div,div,2,6,8,para-state,,24,4,0,0,0,8.0,97.025,0,0
other,strong,div,0,1,9,,,5,1,0,0,0,5.0,121.22000000000003,0,0
other,span,div,0,1,9,,,18,3,0,0,0,18.0,90.99000000000004,0,0
other,div,div,2,6,8,para-price,,11,3,2,0,0,3.6666666666666665,90.99000000000004,0,0
other,strong,div,0,1,9,,,5,1,0,0,0,5.0,36.62000000000003,0,0
other,div,div,4,23,6,para grow alt-even,p1089848,367,56,11,0,0,10.794117647058824,74.43875000000001,0,0
other,div,div,1,3,7,crt,,0,0,0,0,0,0.0,0.0,0,0
other,a,div,1,0,8,,,0,0,0,0,0,0.0,0.0,1,0
other,img,a,0,0,9,crt1,c1089848,0,0,0,0,0,0.0,0.0,0,1
other,h3,div,1,3,7,,,91,15,1,0,0,45.5,84.9157142857143,0,0
other,a,div,1,3,7,,,0,0,0,0,0,0.0,0.0,1,0
other,div,div,7,3,7,para-flds,,272,41,10,0,0,10.461538461538462,66.34945121951222,0,0
other,div,div,2,6,8,para-title,,120,20,1,0,0,40.0,82.47500000000001,0,0
other,strong,div,0,1,9,,,6,1,0,0,0,6.0,121.22000000000003,0,0
other,span,div,0,1,9,,,113,19,1,0,0,113.0,81.42407894736841,0,0
other,div,div,2,6,8,para-au,,30,4,0,0,0,7.5,12.425000000000011,0,0
other,strong,div,0,1,9,,,6,1,0,0,0,6.0,36.62000000000003,0,0
other,span,div,1,1,9,,,23,3,0,0,0,11.5,6.390000000000015,0,0
other,a,span,0,0,10,,,23,3,0,0,0,23.0,6.390000000000015,1,0
other,div,div,2,6,8,para-issued,,16,3,4,0,0,5.333333333333333,90.99000000000004,0,0
other,strong,div,0,1,9,,,11,2,0,0,0,11.0,77.90500000000002,0,0
other,span,div,0,1,9,,,4,1,4,0,0,4.0,121.22000000000003,0,0
other,div,div,2,6,8,para-pg,,16,3,3,0,0,5.333333333333333,119.19000000000003,0,0
other,strong,div,0,1,9,,,12,2,0,0,0,12.0,120.20500000000001,0,0
other,span,div,0,1,9,,,3,1,3,0,0,3.0,121.22000000000003,0,0
other,div,div,2,6,8,para-cat,,37,4,0,0,0,6.166666666666667,75.87500000000001,0,0
other,strong,div,0,1,9,,,10,1,0,0,0,10.0,-47.97999999999996,0,0
other,span,div,3,1,9,,,26,3,0,0,0,6.5,119.19000000000003,0,0
other,a,span,0,2,10,,,9,1,0,0,0,9.0,121.22000000000003,1,0
other,a,span,0,2,10,,,5,1,0,0,0,5.0,121.22000000000003,1,0
other,a,span,0,2,10,,,8,1,0,0,0,8.0,121.22000000000003,1,0
other,div,div,2,6,8,para-state,,24,4,0,0,0,8.0,97.025,0,0
other,strong,div,0,1,9,,,5,1,0,0,0,5.0,121.22000000000003,0,0
other,span,div,0,1,9,,,18,3,0,0,0,18.0,90.99000000000004,0,0
other,div,div,2,6,8,para-price,,11,3,2,0,0,3.6666666666666665,90.99000000000004,0,0
other,strong,div,0,1,9,,,5,1,0,0,0,5.0,36.62000000000003,0,0
other,div,div,4,23,6,para grow alt-odd,p1089847,164,23,9,0,0,5.290322580645161,81.13641304347829,0,0
other,div,div,1,3,7,crt,,0,0,0,0,0,0.0,0.0,0,0
other,a,div,1,0,8,,,0,0,0,0,0,0.0,0.0,1,0
other,img,a,0,0,9,crt1,c1089847,0,0,0,0,0,0.0,0.0,0,1
other,h3,div,1,3,7,,,15,2,0,0,0,7.5,77.90500000000002,0,0
other,div,div,7,3,7,para-flds,,145,21,9,0,0,6.041666666666667,83.37750000000003,0,0
other,div,div,2,6,8,para-title,,22,3,0,0,0,7.333333333333333,90.99000000000004,0,0
other,strong,div,0,1,9,,,6,1,0,0,0,6.0,121.22000000000003,0,0
other,span,div,0,1,9,,,15,2,0,0,0,15.0,77.90500000000002,0,0
other,div,div,2,6,8,para-au,,24,3,0,0,0,6.0,62.79000000000002,0,0
other,strong,div,0,1,9,,,6,1,0,0,0,6.0,36.62000000000003,0,0
other,span,div,1,1,9,,,17,2,0,0,0,8.5,77.90500000000002,0,0
other,a,span,0,0,10,,,17,2,0,0,0,17.0,77.90500000000002,1,0
other,div,div,2,6,8,para-issued,,16,3,4,0,0,5.333333333333333,90.99000000000004,0,0
other,strong,div,0,1,9,,,11,2,0,0,0,11.0,77.90500000000002,0,0
other,span,div,0,1,9,,,4,1,4,0,0,4.0,121.22000000000003,0,0
other,div,div,2,6,8,para-pg,,19,4,3,0,0,6.333333333333333,118.17500000000001,0,0
other,strong,div,0,1,9,,,12,2,0,0,0,12.0,120.20500000000001,0,0
other,span,div,0,1,9,,,6,2,3,0,0,6.0,120.20500000000001,0,0
other,div,div,2,6,8,para-cat,,19,2,0,0,0,4.75,35.60500000000002,0,0
other,strong,div,0,1,9,,,10,1,0,0,0,10.0,-47.97999999999996,0,0
other,span,div,1,1,9,,,8,1,0,0,0,4.0,121.22000000000003,0,0
other,a,span,0,0,10,,,8,1,0,0,0,8.0,121.22000000000003,1,0
other,div,div,2,6,8,para-state,,16,3,0,0,0,5.333333333333333,119.19000000000003,0,0
other,strong,div,0,1,9,,,5,1,0,0,0,5.0,121.22000000000003,0,0
other,span,div,0,1,9,,,10,2,0,0,0,10.0,120.20500000000001,0,0
other,div,div,2,6,8,para-price,,11,3,2,0,0,3.6666666666666665,90.99000000000004,0,0
other,strong,div,0,1,9,,,5,1,0,0,0,5.0,36.62000000000003,0,0
other,div,div,4,23,6,para grow alt-even,p1089846,201,27,9,0,0,5.742857142857143,40.7092307692308,0,0
other,div,div,1,3,7,crt,,0,0,0,0,0,0.0,0.0,0,0
other,a,div,1,0,8,,,0,0,0,0,0,0.0,0.0,1,0
other,img,a,0,0,9,crt1,c1089846,0,0,0,0,0,0.0,0.0,0,1
other,h3,div,1,3,7,,,10,1,0,0,0,5.0,-47.97999999999996,0,0
other,div,div,8,3,7,para-flds,,187,26,9,0,0,6.678571428571429,45.25150000000002,0,0
other,div,div,2,7,8,para-title,,17,2,0,0,0,5.666666666666667,35.60500000000002,0,0
other,strong,div,0,1,9,,,6,1,0,0,0,6.0,121.22000000000003,0,0
other,span,div,0,1,9,,,10,1,0,0,0,10.0,-47.97999999999996,0,0
other,div,div,2,7,8,para-au,,22,3,0,0,0,5.5,34.59000000000003,0,0
other,strong,div,0,1,9,,,6,1,0,0,0,6.0,36.62000000000003,0,0
other,span,div,1,1,9,,,15,2,0,0,0,7.5,35.60500000000002,0,0
other,a,span,0,0,10,,,15,2,0,0,0,15.0,35.60500000000002,1,0
other,div,div,2,7,8,para-ill,,24,3,0,0,0,6.0,6.390000000000015,0,0
other,strong,div,0,1,9,,,11,1,0,0,0,11.0,-47.97999999999996,0,0
other,span,div,1,1,9,,,12,2,0,0,0,6.0,35.60500000000002,0,0
other,a,span,0,0,10,,,12,2,0,0,0,12.0,35.60500000000002,1,0
other,div,div,2,7,8,para-issued,,16,3,4,0,0,5.333333333333333,90.99000000000004,0,0
other,strong,div,0,1,9,,,11,2,0,0,0,11.0,77.90500000000002,0,0
other,span,div,0,1,9,,,4,1,4,0,0,4.0,121.22000000000003,0,0
other,div,div,2,7,8,para-pg,,19,4,3,0,0,6.333333333333333,118.17500000000001,0,0
other,strong,div,0,1,9,,,12,2,0,0,0,12.0,120.20500000000001,0,0
other,span,div,0,1,9,,,6,2,3,0,0,6.0,120.20500000000001,0,0
other,div,div,2,7,8,para-cat,,27,4,0,0,0,6.75,-21.809999999999945,0,0
other,strong,div,0,1,9,,,10,1,0,0,0,10.0,-47.97999999999996,0,0
other,span,div,1,1,9,,,16,3,0,0,0,8.0,-6.694999999999993,0,0
other,a,span,0,0,10,,,16,3,0,0,0,16.0,-6.694999999999993,1,0
other,div,div,2,7,8,para-state,,30,4,0,0,0,10.0,54.72500000000002,0,0
other,strong,div,0,1,9,,,5,1,0,0,0,5.0,121.22000000000003,0,0
other,span,div,0,1,9,,,24,3,0,0,0,24.0,34.59000000000003,0,0
other,div,div,2,7,8,para-price,,11,3,2,0,0,3.6666666666666665,90.99000000000004,0,0
other,strong,div,0,1,9,,,5,1,0,0,0,5.0,36.62000000000003,0,0
other,div,div,4,23,6,para grow alt-odd,p1089845,296,41,9,0,0,8.0,83.32166666666669,0,0
other,div,div,1,3,7,crt,,0,0,0,0,0,0.0,0.0,0,0
other,a,div,1,0,8,,,0,0,0,0,0,0.0,0.0,1,0
other,img,a,0,0,9,crt1,c1089845,0,0,0,0,0,0.0,0.0,0,1
other,h3,div,1,3,7,,,53,8,0,0,0,26.5,115.13000000000002,0,0
other,a,div,1,3,7,,,0,0,0,0,0,0.0,0.0,1,0
other,div,div,8,3,7,para-flds,,239,33,9,0,0,8.241379310344827,74.72386363636366,0,0
other,div,div,2,7,8,para-title,,65,9,0,0,0,21.666666666666668,113.10000000000002,0,0
other,strong,div,0,1,9,,,6,1,0,0,0,6.0,121.22000000000003,0,0
other,span,div,0,1,9,,,58,8,0,0,0,58.0,114.11500000000001,0,0
other,div,div,2,7,8,para-au,,23,4,0,0,0,7.666666666666667,97.025,0,0
other,strong,div,0,1,9,,,6,1,0,0,0,6.0,36.62000000000003,0,0
other,span,div,0,1,9,,,16,3,0,0,0,16.0,119.19000000000003,0,0
other,div,div,2,7,8,para-ill,,28,3,0,0,0,7.0,6.390000000000015,0,0
other,strong,div,0,1,9,,,11,1,0,0,0,11.0,-47.97999999999996,0,0
other,span,div,1,1,9,,,16,2,0,0,0,8.0,35.60500000000002,0,0
other,a,span,0,0,10,,,16,2,0,0,0,16.0,35.60500000000002,1,0
other,div,div,2,7,8,para-issued,,16,3,4,0,0,5.333333333333333,90.99000000000004,0,0
other,strong,div,0,1,9,,,11,2,0,0,0,11.0,77.90500000000002,0,0
other,span,div,0,1,9,,,4,1,4,0,0,4.0,121.22000000000003,0,0
other,div,div,2,7,8,para-pg,,16,3,3,0,0,5.333333333333333,119.19000000000003,0,0
other,strong,div,0,1,9,,,12,2,0,0,0,12.0,120.20500000000001,0,0
other,span,div,0,1,9,,,3,1,3,0,0,3.0,121.22000000000003,0,0
other,div,div,2,7,8,para-cat,,43,5,0,0,0,7.166666666666667,32.56000000000003,0,0
other,strong,div,0,1,9,,,10,1,0,0,0,10.0,-47.97999999999996,0,0
other,span,div,3,1,9,,,32,4,0,0,0,8.0,54.72500000000002,0,0
other,a,span,0,2,10,,,7,1,0,0,0,7.0,121.22000000000003,1,0
other,a,span,0,2,10,,,13,2,0,0,0,13.0,77.90500000000002,1,0
other,a,span,0,2,10,,,8,1,0,0,0,8.0,-47.97999999999996,1,0
other,div,div,2,7,8,para-state,,16,3,0,0,0,5.333333333333333,119.19000000000003,0,0
other,strong,div,0,1,9,,,5,1,0,0,0,5.0,121.22000000000003,0,0
other,span,div,0,1,9,,,10,2,0,0,0,10.0,120.20500000000001,0,0
other,div,div,2,7,8,para-price,,11,3,2,0,0,3.6666666666666665,90.99000000000004,0,0
other,strong,div,0,1,9,,,5,1,0,0,0,5.0,36.62000000000003,0,0
other,div,div,4,23,6,para grow alt-even,p1089844,307,38,9,0,0,8.078947368421053,68.55990990990992,0,0
other,div,div,1,3,7,crt,,0,0,0,0,0,0.0,0.0,0,0
other,a,div,1,0,8,,,0,0,0,0,0,0.0,0.0,1,0
other,img,a,0,0,9,crt1,c1089844,0,0,0,0,0,0.0,0.0,0,1
other,h3,div,1,3,7,,,45,5,0,0,0,22.5,117.16000000000003,0,0
other,a,div,1,3,7,,,0,0,0,0,0,0.0,0.0,1,0
other,div,div,8,3,7,para-flds,,258,33,9,0,0,8.6,63.820833333333354,0,0
other,div,div,2,7,8,para-title,,52,6,0,0,0,17.333333333333332,119.19000000000003,0,0
other,strong,div,0,1,9,,,6,1,0,0,0,6.0,121.22000000000003,0,0
other,span,div,0,1,9,,,45,5,0,0,0,45.0,117.16000000000003,0,0
other,div,div,2,7,8,para-au,,21,4,0,0,0,7.0,97.025,0,0
other,strong,div,0,1,9,,,6,1,0,0,0,6.0,36.62000000000003,0,0
other,span,div,0,1,9,,,14,3,0,0,0,14.0,119.19000000000003,0,0
other,div,div,2,7,8,para-ill,,28,3,0,0,0,7.0,6.390000000000015,0,0
other,strong,div,0,1,9,,,11,1,0,0,0,11.0,-47.97999999999996,0,0
other,span,div,1,1,9,,,16,2,0,0,0,8.0,35.60500000000002,0,0
other,a,span,0,0,10,,,16,2,0,0,0,16.0,35.60500000000002,1,0
other,div,div,2,7,8,para-issued,,16,3,4,0,0,5.333333333333333,90.99000000000004,0,0
other,strong,div,0,1,9,,,11,2,0,0,0,11.0,77.90500000000002,0,0
other,span,div,0,1,9,,,4,1,4,0,0,4.0,121.22000000000003,0,0
other,div,div,2,7,8,para-pg,,16,3,3,0,0,5.333333333333333,119.19000000000003,0,0
other,strong,div,0,1,9,,,12,2,0,0,0,12.0,120.20500000000001,0,0
other,span,div,0,1,9,,,3,1,3,0,0,3.0,121.22000000000003,0,0
other,div,div,2,7,8,para-cat,,63,7,0,0,0,9.0,3.344999999999999,0,0
other,strong,div,0,1,9,,,10,1,0,0,0,10.0,-47.97999999999996,0,0
other,span,div,4,1,9,,,52,6,0,0,0,10.4,15.640000000000015,0,0
other,a,span,0,3,10,,,7,1,0,0,0,7.0,121.22000000000003,1,0
other,a,span,0,3,10,,,11,1,0,0,0,11.0,36.62000000000003,1,0
other,a,span,0,3,10,,,8,1,0,0,0,8.0,-47.97999999999996,1,0
other,a,span,0,3,10,,,20,3,0,0,0,20.0,-6.694999999999993,1,0
other,div,div,2,7,8,para-state,,30,4,0,0,0,10.0,54.72500000000002,0,0
other,strong,div,0,1,9,,,5,1,0,0,0,5.0,121.22000000000003,0,0
other,span,div,0,1,9,,,24,3,0,0,0,24.0,34.59000000000003,0,0
other,div,div,2,7,8,para-price,,11,3,2,0,0,3.6666666666666665,90.99000000000004,0,0
other,strong,div,0,1,9,,,5,1,0,0,0,5.0,36.62000000000003,0,0
other,div,div,4,23,6,para grow alt-odd,p1089843,337,42,9,0,0,8.868421052631579,74.01500000000001,0,0
other,div,div,1,3,7,crt,,0,0,0,0,0,0.0,0.0,0,0
other,a,div,1,0,8,,,0,0,0,0,0,0.0,0.0,1,0
other,img,a,0,0,9,crt1,c1089843,0,0,0,0,0,0.0,0.0,0,1
other,h3,div,1,3,7,,,54,6,0,0,0,27.0,117.16000000000003,0,0
other,a,div,1,3,7,,,0,0,0,0,0,0.0,0.0,1,0
other,div,div,8,3,7,para-flds,,279,36,9,0,0,9.3,66.88476190476192,0,0
other,div,div,2,7,8,para-title,,68,7,0,0,0,22.666666666666668,115.13000000000002,0,0
other,strong,div,0,1,9,,,6,1,0,0,0,6.0,121.22000000000003,0,0
other,span,div,0,1,9,,,61,6,0,0,0,61.0,116.14500000000001,0,0
other,div,div,2,7,8,para-au,,21,4,0,0,0,7.0,97.025,0,0
other,strong,div,0,1,9,,,6,1,0,0,0,6.0,36.62000000000003,0,0
other,span,div,0,1,9,,,14,3,0,0,0,14.0,119.19000000000003,0,0
other,div,div,2,7,8,para-ill,,28,3,0,0,0,7.0,6.390000000000015,0,0
other,strong,div,0,1,9,,,11,1,0,0,0,11.0,-47.97999999999996,0,0
other,span,div,1,1,9,,,16,2,0,0,0,8.0,35.60500000000002,0,0
other,a,span,0,0,10,,,16,2,0,0,0,16.0,35.60500000000002,1,0
other,div,div,2,7,8,para-issued,,16,3,4,0,0,5.333333333333333,90.99000000000004,0,0
other,strong,div,0,1,9,,,11,2,0,0,0,11.0,77.90500000000002,0,0
other,span,div,0,1,9,,,4,1,4,0,0,4.0,121.22000000000003,0,0
other,div,div,2,7,8,para-pg,,19,4,3,0,0,6.333333333333333,118.17500000000001,0,0
other,strong,div,0,1,9,,,12,2,0,0,0,12.0,120.20500000000001,0,0
other,span,div,0,1,9,,,6,2,3,0,0,6.0,120.20500000000001,0,0
other,div,div,2,7,8,para-cat,,65,8,0,0,0,9.285714285714286,18.44428571428574,0,0
other,strong,div,0,1,9,,,10,1,0,0,0,10.0,-47.97999999999996,0,0
other,span,div,4,1,9,,,54,7,0,0,0,10.8,31.545000000000016,0,0
other,a,span,0,3,10,,,7,1,0,0,0,7.0,121.22000000000003,1,0
other,a,span,0,3,10,,,13,2,0,0,0,13.0,77.90500000000002,1,0
other,a,span,0,3,10,,,8,1,0,0,0,8.0,-47.97999999999996,1,0
other,a,span,0,3,10,,,20,3,0,0,0,20.0,-6.694999999999993,1,0
other,div,div,2,7,8,para-state,,30,4,0,0,0,10.0,54.72500000000002,0,0
other,strong,div,0,1,9,,,5,1,0,0,0,5.0,121.22000000000003,0,0
other,span,div,0,1,9,,,24,3,0,0,0,24.0,34.59000000000003,0,0
other,div,div,2,7,8,para-price,,11,3,2,0,0,3.6666666666666665,90.99000000000004,0,0
other,strong,div,0,1,9,,,5,1,0,0,0,5.0,36.62000000000003,0,0
other,div,div,4,23,6,para grow alt-even,p1089842,301,39,9,0,0,8.135135135135135,75.98359649122811,0,0
other,div,div,1,3,7,crt,,0,0,0,0,0,0.0,0.0,0,0
other,a,div,1,0,8,,,0,0,0,0,0,0.0,0.0,1,0
other,img,a,0,0,9,crt1,c1089842,0,0,0,0,0,0.0,0.0,0,1
other,h3,div,1,3,7,,,45,5,0,0,0,22.5,117.16000000000003,0,0
other,a,div,1,3,7,,,0,0,0,0,0,0.0,0.0,1,0
other,div,div,8,3,7,para-flds,,252,34,9,0,0,8.689655172413794,72.61545454545457,0,0
other,div,div,2,7,8,para-title,,52,6,0,0,0,17.333333333333332,116.14500000000001,0,0
other,strong,div,0,1,9,,,6,1,0,0,0,6.0,121.22000000000003,0,0
other,span,div,0,1,9,,,45,5,0,0,0,45.0,117.16000000000003,0,0
other,div,div,2,7,8,para-au,,19,4,0,0,0,6.333333333333333,97.025,0,0
other,strong,div,0,1,9,,,6,1,0,0,0,6.0,36.62000000000003,0,0
other,span,div,0,1,9,,,12,3,0,0,0,12.0,119.19000000000003,0,0
other,div,div,2,7,8,para-ill,,28,3,0,0,0,7.0,6.390000000000015,0,0
other,strong,div,0,1,9,,,11,1,0,0,0,11.0,-47.97999999999996,0,0
other,span,div,1,1,9,,,16,2,0,0,0,8.0,35.60500000000002,0,0
other,a,span,0,0,10,,,16,2,0,0,0,16.0,35.60500000000002,1,0
other,div,div,2,7,8,para-issued,,16,3,4,0,0,5.333333333333333,90.99000000000004,0,0
other,strong,div,0,1,9,,,11,2,0,0,0,11.0,77.90500000000002,0,0
other,span,div,0,1,9,,,4,1,4,0,0,4.0,121.22000000000003,0,0
other,div,div,2,7,8,para-pg,,19,4,3,0,0,6.333333333333333,118.17500000000001,0,0
other,strong,div,0,1,9,,,12,2,0,0,0,12.0,120.20500000000001,0,0
other,span,div,0,1,9,,,6,2,3,0,0,6.0,120.20500000000001,0,0
other,div,div,2,7,8,para-cat,,56,7,0,0,0,9.333333333333334,45.64500000000001,0,0
other,strong,div,0,1,9,,,10,1,0,0,0,10.0,-47.97999999999996,0,0
other,span,div,3,1,9,,,45,6,0,0,0,11.25,66.40000000000003,0,0
other,a,span,0,2,10,,,7,1,0,0,0,7.0,121.22000000000003,1,0
other,a,span,0,2,10,,,13,2,0,0,0,13.0,77.90500000000002,1,0
other,a,span,0,2,10,,,21,3,0,0,0,21.0,35.60500000000002,1,0
other,div,div,2,7,8,para-state,,30,4,0,0,0,10.0,54.72500000000002,0,0
other,strong,div,0,1,9,,,5,1,0,0,0,5.0,121.22000000000003,0,0
other,span,div,0,1,9,,,24,3,0,0,0,24.0,34.59000000000003,0,0
other,div,div,2,7,8,para-price,,11,3,2,0,0,3.6666666666666665,90.99000000000004,0,0
other,strong,div,0,1,9,,,5,1,0,0,0,5.0,36.62000000000003,0,0
other,div,div,4,23,6,para grow alt-odd,p1089841,278,34,9,0,0,7.513513513513513,70.14470588235295,0,0
other,div,div,1,3,7,crt,,0,0,0,0,0,0.0,0.0,0,0
other,a,div,1,0,8,,,0,0,0,0,0,0.0,0.0,1,0
other,img,a,0,0,9,crt1,c1089841,0,0,0,0,0,0.0,0.0,0,1
other,h3,div,1,3,7,,,45,5,0,0,0,22.5,117.16000000000003,0,0
other,a,div,1,3,7,,,0,0,0,0,0,0.0,0.0,1,0
other,div,div,8,3,7,para-flds,,229,29,9,0,0,7.896551724137931,66.67612068965518,0,0
other,div,div,2,7,8,para-title,,52,6,0,0,0,17.333333333333332,116.14500000000001,0,0
other,strong,div,0,1,9,,,6,1,0,0,0,6.0,121.22000000000003,0,0
other,span,div,0,1,9,,,45,5,0,0,0,45.0,117.16000000000003,0,0
other,div,div,2,7,8,para-au,,17,3,0,0,0,5.666666666666667,90.99000000000004,0,0
other,strong,div,0,1,9,,,6,1,0,0,0,6.0,36.62000000000003,0,0
other,span,div,0,1,9,,,10,2,0,0,0,10.0,120.20500000000001,0,0
other,div,div,2,7,8,para-ill,,28,3,0,0,0,7.0,6.390000000000015,0,0
other,strong,div,0,1,9,,,11,1,0,0,0,11.0,-47.97999999999996,0,0
other,span,div,1,1,9,,,16,2,0,0,0,8.0,35.60500000000002,0,0
other,a,span,0,0,10,,,16,2,0,0,0,16.0,35.60500000000002,1,0
other,div,div,2,7,8,para-issued,,16,3,4,0,0,5.333333333333333,90.99000000000004,0,0
other,strong,div,0,1,9,,,11,2,0,0,0,11.0,77.90500000000002,0,0
other,span,div,0,1,9,,,4,1,4,0,0,4.0,121.22000000000003,0,0
other,div,div,2,7,8,para-pg,,16,3,3,0,0,5.333333333333333,119.19000000000003,0,0
other,strong,div,0,1,9,,,12,2,0,0,0,12.0,120.20500000000001,0,0
other,span,div,0,1,9,,,3,1,3,0,0,3.0,121.22000000000003,0,0
other,div,div,2,7,8,para-cat,,38,4,0,0,0,6.333333333333333,33.57500000000002,0,0
other,strong,div,0,1,9,,,10,1,0,0,0,10.0,-47.97999999999996,0,0
other,span,div,3,1,9,,,27,3,0,0,0,6.75,62.79000000000002,0,0
other,a,span,0,2,10,,,7,1,0,0,0,7.0,121.22000000000003,1,0
other,a,span,0,2,10,,,8,1,0,0,0,8.0,121.22000000000003,1,0
other,a,span,0,2,10,,,8,1,0,0,0,8.0,-47.97999999999996,1,0
other,div,div,2,7,8,para-state,,30,4,0,0,0,10.0,54.72500000000002,0,0
other,strong,div,0,1,9,,,5,1,0,0,0,5.0,121.22000000000003,0,0
other,span,div,0,1,9,,,24,3,0,0,0,24.0,34.59000000000003,0,0
other,div,div,2,7,8,para-price,,11,3,2,0,0,3.6666666666666665,90.99000000000004,0,0
other,strong,div,0,1,9,,,5,1,0,0,0,5.0,36.62000000000003,0,0
other,div,div,4,23,6,para grow alt-even,p1089840,310,39,9,0,0,8.378378378378379,82.66254385964915,0,0
other,div,div,1,3,7,crt,,0,0,0,0,0,0.0,0.0,0,0
other,a,div,1,0,8,,,0,0,0,0,0,0.0,0.0,1,0
other,img,a,0,0,9,crt1,c1089840,0,0,0,0,0,0.0,0.0,0,1
other,h3,div,1,3,7,,,48,6,0,0,0,24.0,117.16000000000003,0,0
other,a,div,1,3,7,,,0,0,0,0,0,0.0,0.0,1,0
other,div,div,8,3,7,para-flds,,258,33,9,0,0,8.89655172413793,74.72386363636366,0,0
other,div,div,2,7,8,para-title,,79,8,0,0,0,26.333333333333332,114.11500000000001,0,0
other,strong,div,0,1,9,,,6,1,0,0,0,6.0,121.22000000000003,0,0
other,span,div,0,1,9,,,72,7,0,0,0,72.0,115.13000000000002,0,0
other,div,div,2,7,8,para-au,,26,5,0,0,0,8.666666666666666,100.24000000000002,0,0
other,strong,div,0,1,9,,,6,1,0,0,0,6.0,36.62000000000003,0,0
other,span,div,0,1,9,,,19,4,0,0,0,19.0,118.17500000000001,0,0
other,div,div,2,7,8,para-ill,,28,3,0,0,0,7.0,6.390000000000015,0,0
other,strong,div,0,1,9,,,11,1,0,0,0,11.0,-47.97999999999996,0,0
other,span,div,1,1,9,,,16,2,0,0,0,8.0,35.60500000000002,0,0
other,a,span,0,0,10,,,16,2,0,0,0,16.0,35.60500000000002,1,0
other,div,div,2,7,8,para-issued,,16,3,4,0,0,5.333333333333333,90.99000000000004,0,0
other,strong,div,0,1,9,,,11,2,0,0,0,11.0,77.90500000000002,0,0
other,span,div,0,1,9,,,4,1,4,0,0,4.0,121.22000000000003,0,0
other,div,div,2,7,8,para-pg,,16,3,3,0,0,5.333333333333333,119.19000000000003,0,0
other,strong,div,0,1,9,,,12,2,0,0,0,12.0,120.20500000000001,0,0
other,span,div,0,1,9,,,3,1,3,0,0,3.0,121.22000000000003,0,0
other,div,div,2,7,8,para-cat,,43,5,0,0,0,7.166666666666667,32.56000000000003,0,0
other,strong,div,0,1,9,,,10,1,0,0,0,10.0,-47.97999999999996,0,0
other,span,div,3,1,9,,,32,4,0,0,0,8.0,54.72500000000002,0,0
other,a,span,0,2,10,,,7,1,0,0,0,7.0,121.22000000000003,1,0
other,a,span,0,2,10,,,13,2,0,0,0,13.0,77.90500000000002,1,0
other,a,span,0,2,10,,,8,1,0,0,0,8.0,-47.97999999999996,1,0
other,div,div,2,7,8,para-state,,18,3,0,0,0,6.0,119.19000000000003,0,0
other,strong,div,0,1,9,,,5,1,0,0,0,5.0,121.22000000000003,0,0
other,span,div,0,1,9,,,12,2,0,0,0,12.0,120.20500000000001,0,0
other,div,div,2,7,8,para-price,,11,3,2,0,0,3.6666666666666665,90.99000000000004,0,0
other,strong,div,0,1,9,,,5,1,0,0,0,5.0,36.62000000000003,0,0
other,div,div,4,23,6,para grow alt-odd,p1089839,258,32,10,0,0,6.972972972972973,71.75208333333336,0,0
other,div,div,1,3,7,crt,,0,0,0,0,0,0.0,0.0,0,0
other,a,div,1,0,8,,,0,0,0,0,0,0.0,0.0,1,0
other,img,a,0,0,9,crt1,c1089839,0,0,0,0,0,0.0,0.0,0,1
other,h3,div,1,3,7,,,29,3,0,0,0,14.5,119.19000000000003,0,0
other,a,div,1,3,7,,,0,0,0,0,0,0.0,0.0,1,0
other,div,div,8,3,7,para-flds,,225,29,10,0,0,7.758620689655173,63.75887931034484,0,0
other,div,div,2,7,8,para-title,,36,4,0,0,0,12.0,118.17500000000001,0,0
other,strong,div,0,1,9,,,6,1,0,0,0,6.0,121.22000000000003,0,0
other,span,div,0,1,9,,,29,3,0,0,0,29.0,119.19000000000003,0,0
other,div,div,2,7,8,para-au,,23,4,0,0,0,7.666666666666667,97.025,0,0
other,strong,div,0,1,9,,,6,1,0,0,0,6.0,36.62000000000003,0,0
other,span,div,0,1,9,,,16,3,0,0,0,16.0,119.19000000000003,0,0
other,div,div,2,7,8,para-ill,,28,3,0,0,0,7.0,6.390000000000015,0,0
other,strong,div,0,1,9,,,11,1,0,0,0,11.0,-47.97999999999996,0,0
other,span,div,1,1,9,,,16,2,0,0,0,8.0,35.60500000000002,0,0
other,a,span,0,0,10,,,16,2,0,0,0,16.0,35.60500000000002,1,0
other,div,div,2,7,8,para-issued,,16,3,4,0,0,5.333333333333333,90.99000000000004,0,0
other,strong,div,0,1,9,,,11,2,0,0,0,11.0,77.90500000000002,0,0
other,span,div,0,1,9,,,4,1,4,0,0,4.0,121.22000000000003,0,0
other,div,div,2,7,8,para-pg,,16,3,3,0,0,5.333333333333333,119.19000000000003,0,0
other,strong,div,0,1,9,,,12,2,0,0,0,12.0,120.20500000000001,0,0
other,span,div,0,1,9,,,3,1,3,0,0,3.0,121.22000000000003,0,0
other,div,div,2,7,8,para-cat,,43,5,0,0,0,7.166666666666667,32.56000000000003,0,0
other,strong,div,0,1,9,,,10,1,0,0,0,10.0,-47.97999999999996,0,0
other,span,div,3,1,9,,,32,4,0,0,0,8.0,54.72500000000002,0,0
other,a,span,0,2,10,,,7,1,0,0,0,7.0,121.22000000000003,1,0
other,a,span,0,2,10,,,13,2,0,0,0,13.0,77.90500000000002,1,0
other,a,span,0,2,10,,,8,1,0,0,0,8.0,-47.97999999999996,1,0
other,div,div,2,7,8,para-state,,30,4,0,0,0,10.0,54.72500000000002,0,0
other,strong,div,0,1,9,,,5,1,0,0,0,5.0,121.22000000000003,0,0
other,span,div,0,1,9,,,24,3,0,0,0,24.0,34.59000000000003,0,0
other,div,div,2,7,8,para-price,,12,3,3,0,0,4.0,90.99000000000004,0,0
other,strong,div,0,1,9,,,5,1,0,0,0,5.0,36.62000000000003,0,0
other,div,div,4,23,6,para grow alt-even,p1089838,249,35,13,0,0,6.384615384615385,73.79573529411766,0,0
other,div,div,1,3,7,crt,,0,0,0,0,0,0.0,0.0,0,0
other,a,div,1,0,8,,,0,0,0,0,0,0.0,0.0,1,0
other,img,a,0,0,9,crt1,c1089838,0,0,0,0,0,0.0,0.0,0,1
other,h3,div,1,3,7,,,20,3,0,0,0,10.0,62.79000000000002,0,0
other,a,div,1,3,7,,,0,0,0,0,0,0.0,0.0,1,0
other,div,div,9,3,7,para-flds,,225,32,13,0,0,7.258064516129032,73.54021505376345,0,0
other,div,div,2,8,8,para-title,,27,4,0,0,0,9.0,75.87500000000001,0,0
other,strong,div,0,1,9,,,6,1,0,0,0,6.0,121.22000000000003,0,0
other,span,div,0,1,9,,,20,3,0,0,0,20.0,62.79000000000002,0,0
other,div,div,2,8,8,para-au,,26,4,0,0,0,6.5,54.72500000000002,0,0
other,strong,div,0,1,9,,,6,1,0,0,0,6.0,36.62000000000003,0,0
other,span,div,1,1,9,,,19,3,0,0,0,9.5,62.79000000000002,0,0
other,a,span,0,0,10,,,19,3,0,0,0,19.0,62.79000000000002,1,0
other,div,div,2,8,8,para-ill,,29,3,0,0,0,7.25,62.79000000000002,0,0
other,strong,div,0,1,9,,,11,1,0,0,0,11.0,-47.97999999999996,0,0
other,span,div,1,1,9,,,17,2,0,0,0,8.5,120.20500000000001,0,0
other,a,span,0,0,10,,,17,2,0,0,0,17.0,120.20500000000001,1,0
other,div,div,2,8,8,para-issued,,16,3,4,0,0,5.333333333333333,90.99000000000004,0,0
other,strong,div,0,1,9,,,11,2,0,0,0,11.0,77.90500000000002,0,0
other,span,div,0,1,9,,,4,1,4,0,0,4.0,121.22000000000003,0,0
other,div,div,2,8,8,para-pg,,19,4,3,0,0,6.333333333333333,118.17500000000001,0,0
other,strong,div,0,1,9,,,12,2,0,0,0,12.0,120.20500000000001,0,0
other,span,div,0,1,9,,,6,2,3,0,0,6.0,120.20500000000001,0,0
other,div,div,2,8,8,para-series,,28,5,4,0,0,9.333333333333334,97.025,0,0
other,strong,div,0,1,9,,,13,2,0,0,0,13.0,120.20500000000001,0,0
other,span,div,0,1,9,,,14,3,4,0,0,14.0,77.90500000000002,0,0
other,div,div,2,8,8,para-cat,,29,3,0,0,0,7.25,6.390000000000015,0,0
other,strong,div,0,1,9,,,10,1,0,0,0,10.0,-47.97999999999996,0,0
other,span,div,1,1,9,,,18,2,0,0,0,9.0,35.60500000000002,0,0
other,a,span,0,0,10,,,18,2,0,0,0,18.0,35.60500000000002,1,0
other,div,div,2,8,8,para-state,,16,3,0,0,0,5.333333333333333,119.19000000000003,0,0
other,strong,div,0,1,9,,,5,1,0,0,0,5.0,121.22000000000003,0,0
other,span,div,0,1,9,,,10,2,0,0,0,10.0,120.20500000000001,0,0
other,div,div,2,8,8,para-price,,11,3,2,0,0,3.6666666666666665,90.99000000000004,0,0
other,strong,div,0,1,9,,,5,1,0,0,0,5.0,36.62000000000003,0,0
other,div,div,4,23,6,para grow alt-odd,p1089836,262,39,10,0,0,7.705882352941177,78.30614864864866,0,0
other,div,div,1,3,7,crt,,0,0,0,0,0,0.0,0.0,0,0
other,a,div,1,0,8,,,0,0,0,0,0,0.0,0.0,1,0
other,img,a,0,0,9,crt1,c1089836,0,0,0,0,0,0.0,0.0,0,1
other,h3,div,1,3,7,,,41,7,0,0,0,20.5,87.94500000000002,0,0
other,a,div,1,3,7,,,0,0,0,0,0,0.0,0.0,1,0
other,div,div,7,3,7,para-flds,,217,32,10,0,0,8.346153846153847,81.94120967741938,0,0
other,div,div,2,6,8,para-title,,48,8,0,0,0,16.0,90.95857142857145,0,0
other,strong,div,0,1,9,,,6,1,0,0,0,6.0,121.22000000000003,0,0
other,span,div,0,1,9,,,41,7,0,0,0,41.0,87.94500000000002,0,0
other,div,div,2,6,8,para-au,,36,4,0,0,0,9.0,54.72500000000002,0,0
other,strong,div,0,1,9,,,6,1,0,0,0,6.0,36.62000000000003,0,0
other,span,div,1,1,9,,,29,3,0,0,0,14.5,62.79000000000002,0,0
other,a,span,0,0,10,,,29,3,0,0,0,29.0,62.79000000000002,1,0
other,div,div,2,6,8,para-issued,,20,4,4,0,0,6.666666666666667,97.025,0,0
other,strong,div,0,1,9,,,11,2,0,0,0,11.0,77.90500000000002,0,0
other,span,div,0,1,9,,,8,2,4,0,0,8.0,120.20500000000001,0,0
other,div,div,2,6,8,para-pg,,19,4,3,0,0,6.333333333333333,118.17500000000001,0,0
other,strong,div,0,1,9,,,12,2,0,0,0,12.0,120.20500000000001,0,0
other,span,div,0,1,9,,,6,2,3,0,0,6.0,120.20500000000001,0,0
other,div,div,2,6,8,para-cat,,44,5,0,0,0,7.333333333333333,83.32000000000004,0,0
other,strong,div,0,1,9,,,10,1,0,0,0,10.0,-47.97999999999996,0,0
other,span,div,3,1,9,,,33,4,0,0,0,8.25,118.17500000000001,0,0
other,a,span,0,2,10,,,6,1,0,0,0,6.0,121.22000000000003,1,0
other,a,span,0,2,10,,,9,1,0,0,0,9.0,121.22000000000003,1,0
other,a,span,0,2,10,,,14,2,0,0,0,14.0,120.20500000000001,1,0
other,div,div,2,6,8,para-state,,21,4,1,0,0,7.0,118.17500000000001,0,0
other,strong,div,0,1,9,,,5,1,0,0,0,5.0,121.22000000000003,0,0
other,span,div,0,1,9,,,15,3,1,0,0,15.0,119.19000000000003,0,0
other,div,div,2,6,8,para-price,,11,3,2,0,0,3.6666666666666665,90.99000000000004,0,0
other,strong,div,0,1,9,,,5,1,0,0,0,5.0,36.62000000000003,0,0
other,div,div,4,23,6,para grow alt-even,p1089837,275,32,9,0,0,8.59375,12.825000000000017,0,0
other,div,div,1,3,7,crt,,0,0,0,0,0,0.0,0.0,0,0
other,a,div,1,0,8,,,0,0,0,0,0,0.0,0.0,1,0
other,img,a,0,0,9,crt1,c1089837,0,0,0,0,0,0.0,0.0,0,1
other,h3,div,1,3,7,,,50,4,0,0,0,25.0,-72.17499999999998,0,0
other,a,div,1,3,7,,,0,0,0,0,0,0.0,0.0,1,0
other,div,div,6,3,7,para-flds,,221,28,9,0,0,9.208333333333334,34.021923076923116,0,0
other,div,div,2,5,8,para-title,,57,5,0,0,0,19.0,-35.11999999999995,0,0
other,strong,div,0,1,9,,,6,1,0,0,0,6.0,121.22000000000003,0,0
other,span,div,0,1,9,,,50,4,0,0,0,50.0,-72.17499999999998,0,0
other,div,div,2,5,8,para-issued,,16,3,4,0,0,5.333333333333333,90.99000000000004,0,0
other,strong,div,0,1,9,,,11,2,0,0,0,11.0,77.90500000000002,0,0
other,span,div,0,1,9,,,4,1,4,0,0,4.0,121.22000000000003,0,0
other,div,div,2,5,8,para-pg,,16,3,3,0,0,5.333333333333333,119.19000000000003,0,0
other,strong,div,0,1,9,,,12,2,0,0,0,12.0,120.20500000000001,0,0
other,span,div,0,1,9,,,3,1,3,0,0,3.0,121.22000000000003,0,0
other,div,div,2,5,8,para-cat,,90,11,0,0,0,11.25,37.900000000000034,0,0
other,strong,div,0,1,9,,,10,1,0,0,0,10.0,-47.97999999999996,0,0
other,span,div,5,1,9,,,79,10,0,0,0,13.166666666666666,50.66500000000002,0,0
other,a,span,0,4,10,,,34,5,0,0,0,34.0,-21.809999999999945,1,0
other,a,span,0,4,10,,,7,1,0,0,0,7.0,121.22000000000003,1,0
other,a,span,0,4,10,,,7,1,0,0,0,7.0,36.62000000000003,1,0
other,a,span,0,4,10,,,9,1,0,0,0,9.0,121.22000000000003,1,0
other,a,span,0,4,10,,,14,2,0,0,0,14.0,120.20500000000001,1,0
other,div,div,2,5,8,para-state,,16,3,0,0,0,5.333333333333333,119.19000000000003,0,0
other,strong,div,0,1,9,,,5,1,0,0,0,5.0,121.22000000000003,0,0
other,span,div,0,1,9,,,10,2,0,0,0,10.0,120.20500000000001,0,0
other,div,div,2,5,8,para-price,,11,3,2,0,0,3.6666666666666665,90.99000000000004,0,0
other,strong,div,0,1,9,,,5,1,0,0,0,5.0,36.62000000000003,0,0
other,div,div,0,23,6,clearfix,,0,0,0,0,0,0.0,0.0,0,0
other,ul,div,10,23,6,pager,,33,11,11,0,0,1.65,112.08500000000001,0,0
other,b,ul,0,9,7,,,1,1,1,0,0,1.0,121.22000000000003,0,0
other,li,ul,1,9,7,,,1,1,1,0,0,0.5,121.22000000000003,0,0
other,a,li,0,0,8,,,1,1,1,0,0,1.0,121.22000000000003,1,0
other,li,ul,1,9,7,,,1,1,1,0,0,0.5,121.22000000000003,0,0
other,a,li,0,0,8,,,1,1,1,0,0,1.0,121.22000000000003,1,0
other,li,ul,1,9,7,,,1,1,1,0,0,0.5,121.22000000000003,0,0
other,a,li,0,0,8,,,1,1,1,0,0,1.0,121.22000000000003,1,0
other,li,ul,1,9,7,,,1,1,1,0,0,0.5,121.22000000000003,0,0
other,a,li,0,0,8,,,1,1,1,0,0,1.0,121.22000000000003,1,0
other,li,ul,1,9,7,,,1,1,1,0,0,0.5,121.22000000000003,0,0
other,a,li,0,0,8,,,1,1,1,0,0,1.0,121.22000000000003,1,0
other,li,ul,1,9,7,,,1,1,1,0,0,0.5,121.22000000000003,0,0
other,a,li,0,0,8,,,1,1,1,0,0,1.0,121.22000000000003,1,0
other,li,ul,1,9,7,,,1,1,1,0,0,0.5,121.22000000000003,0,0
other,a,li,0,0,8,,,1,1,1,0,0,1.0,121.22000000000003,1,0
other,li,ul,1,9,7,,,3,1,3,0,0,1.5,121.22000000000003,0,0
other,a,li,0,0,8,,,3,1,3,0,0,3.0,121.22000000000003,1,0
other,li,ul,1,9,7,,,7,1,0,0,0,3.5,121.22000000000003,0,0
other,a,li,0,0,8,,,7,1,0,0,0,7.0,121.22000000000003,1,0
other,div,div,0,6,4,clearfix,,0,0,0,0,0,0.0,0.0,0,0
other,div,div,2,8,3,,footer,66,13,4,0,0,9.428571428571429,56.70000000000002,0,0
other,div,div,4,1,4,,,66,13,4,0,0,13.2,56.70000000000002,0,0
other,strong,div,0,3,5,,,7,1,0,0,0,7.0,36.62000000000003,0,0
other,a,div,0,3,5,,,8,1,0,0,0,8.0,-47.97999999999996,1,0
other,a,div,0,3,5,,,6,1,0,0,0,6.0,121.22000000000003,1,0
other,a,div,0,3,5,,,8,1,0,0,0,8.0,36.62000000000003,1,0
other,script,body,0,8,2,,,64,1,0,0,0,64.0,-724.7799999999999,0,0
other,div,body,2,8,2,,pw-ui,444,23,4,0,0,24.666666666666668,30.025000000000034,0,0
other,div,div,2,1,3,,pw-ui-header,31,3,0,0,0,7.75,35.60500000000002,0,0
other,h2,div,1,1,4,,,12,2,0,0,0,6.0,35.60500000000002,0,0
other,span,h2,0,0,5,,pw-category-name,5,1,0,0,0,5.0,36.62000000000003,0,0
other,div,div,0,1,4,,,2,1,0,0,0,2.0,0.0,0,0
other,div,div,5,1,3,,pw-ui-body,349,20,4,0,0,26.846153846153847,33.465,0,0
other,div,div,2,4,4,pw-stat-row,,40,4,4,0,0,13.333333333333334,75.87500000000001,0,0
other,span,div,0,1,5,,pw-step-counter,8,2,2,0,0,8.0,120.20500000000001,0,0
other,span,div,0,1,5,,pw-count-badge,11,2,2,0,0,11.0,35.60500000000002,0,0
other,div,div,0,4,4,,pw-selector-box,4,1,0,0,0,4.0,36.62000000000003,0,0
other,div,div,1,4,4,pw-btn-group-top,,14,2,0,0,0,7.0,-132.57999999999996,0,0
other,button,div,0,0,5,pw-btn pw-btn-predict,pw-btn-predict,14,2,0,0,0,14.0,-132.57999999999996,0,0
other,div,div,3,4,4,pw-btn-group,,72,6,0,0,0,18.0,49.48000000000002,0,0
other,button,div,0,2,5,pw-btn pw-btn-secondary,pw-btn-prev,4,1,0,0,0,4.0,121.22000000000003,0,0
other,button,div,0,2,5,pw-btn pw-btn-primary pw-hidden,pw-btn-next,13,2,0,0,0,13.0,-6.694999999999993,0,0
other,button,div,0,2,5,pw-btn pw-btn-success,pw-btn-done,13,3,0,0,0,13.0,77.90500000000002,0,0
other,div,div,1,4,4,pw-hint,,58,7,0,0,0,29.0,54.70142857142861,0,0
other,div,body,1,8,2,,enl_ldr,0,0,0,0,0,0.0,0.0,0,0
other,img,div,0,0,3,,enl_ldrgif,0,0,0,0,0,0.0,0.0,0,1
other,div,body,0,8,2,,enl_brd,0,0,0,0,0,0.0,0.0,0,0
other,div,body,0,8,2,,enl_shd,0,0,0,0,0,0.0,0.0,0,0
other,div,body,0,8,2,,enl_drk,0,0,0,0,0,0.0,0.0,0,0
